登番,名前,級,採用元,丸亀走数,スロー平均ST,ダッシュ平均ST,スロー巧者(<=.13),スロー遅れ警戒(>.18),ダッシュ遅れ警戒(>.18)
2538,高橋二朗,B1,全国,0,0.21,0.21,,●,●
2878,富山弘幸,B1,全国,0,0.18,0.17,,,
3024,西島義則,B2,当地,15,0.157,,,,
3054,北川幸典,B1,当地,14,0.108,0.197,●,,●
3070,山室展弘,B1,全国,0,0.145,0.14,,,
3072,西田靖,B1,全国,0,0.171,,,,
3075,中村裕将,B1,全国,0,0.124,0.133,●,,
3081,岡本慎治,B1,当地,10,0.175,0.245,,,●
3105,内山文典,B1,全国,7,0.203,0.178,,●,
3107,平岡重典,B1,全国,9,0.173,0.193,,,●
3156,金子良昭,B1,全国,0,0.175,0.162,,,
3158,島川光男,A2,全国,0,0.148,0.148,,,
3159,江口晃生,A1,全国,2,0.15,,,,
3161,古場輝義,B1,当地,18,0.225,0.137,,●,
3175,渡辺千草,B1,全国,8,0.169,0.17,,,
3202,三品隆浩,B1,全国,9,0.183,0.224,,●,●
3207,田村美和,B1,全国,0,0.208,0.166,,●,
3211,北川敏弘,B1,全国,7,0.183,0.178,,●,
3212,亀本勇樹,B1,当地,17,0.187,0.15,,●,
3224,栗山繁洋,B1,当地,10,0.162,0.18,,,
3226,浦田信義,B1,全国,0,0.183,0.193,,●,●
3232,山川美由紀,A2,当地,37,0.165,0.179,,,
3233,小畑実成,B1,全国,0,0.153,0.171,,,
3246,星野政彦,B2,全国,6,0.185,0.149,,●,
3251,平石和男,A2,当地,22,0.167,0.22,,,●
3256,三角哲男,A1,全国,0,0.14,0.161,,,
3257,田頭実,A1,全国,0,0.13,0.17,●,,
3265,今村暢孝,A2,当地,18,0.186,,,●,
3268,森竜也,B1,全国,0,0.162,0.168,,,
3277,齋藤勇,B1,全国,9,0.179,0.186,,,●
3282,池本輝明,B1,全国,6,0.181,0.219,,●,●
3284,渡邊伸太郎,B1,全国,3,0.169,0.203,,,●
3286,坂東満,B2,全国,0,0.149,0.185,,,●
3289,高橋淳美,B2,全国,0,0.156,0.205,,,●
3293,宮内由紀英,B1,全国,0,0.191,0.209,,●,●
3294,野中義生,B1,全国,7,0.185,0.157,,●,
3297,藤丸光一,B1,当地,12,0.193,0.228,,●,●
3300,川崎智幸,A2,当地,13,0.119,0.182,●,,●
3302,谷川里江,B1,全国,9,0.179,0.177,,,
3303,渡辺豊,B1,当地,11,0.243,0.17,,●,
3304,烏野賢太,A1,当地,23,0.16,0.172,,,
3305,小野信樹,B1,当地,14,0.143,0.156,,,
3306,武田正紀,B1,全国,0,0.16,0.155,,,
3313,本吉正樹,B1,当地,11,0.144,0.157,,,
3315,広瀬聖仁,B1,全国,0,0.148,0.179,,,
3319,山崎義明,A2,当地,19,0.174,0.158,,,
3327,野長瀬正孝,A2,全国,7,0.156,0.181,,,●
3333,丸尾義孝,A1,全国,8,0.139,0.164,,,
3334,角ひとみ,A2,全国,7,0.203,0.203,,●,●
3339,泉具巳,B1,全国,0,0.169,0.166,,,
3340,池田雷太,B1,全国,0,0.17,0.201,,,●
3349,吉田一郎,A1,当地,17,0.166,0.152,,,
3350,藤本佳史,B1,全国,0,0.14,0.196,,,●
3352,小川晃司,B1,全国,9,,0.171,,,
3353,前田光昭,B1,全国,0,0.199,0.153,,●,
3355,橋谷田佳織,B2,全国,0,0.263,0.26,,●,●
3357,福島陽子,B1,全国,0,0.193,0.195,,●,●
3361,岡部浩,B1,当地,14,0.147,0.195,,,●
3362,間嶋仁志,B1,当地,26,0.185,0.235,,●,●
3370,坪内実,B1,全国,0,0.185,0.179,,●,
3372,加藤雅之,B2,当地,10,0.22,0.168,,●,
3377,塚田修二,B1,全国,0,0.23,0.192,,●,●
3381,滝沢芳行,B1,当地,19,0.177,0.163,,,
3385,渡邉睦広,A2,全国,0,0.166,0.156,,,
3388,今垣光太郎,A1,全国,0,0.153,0.169,,,
3391,鈴木茂正,B2,全国,0,,,,,
3392,小森信雄,B1,全国,9,0.19,0.225,,●,●
3401,上田隆章,B1,当地,34,0.184,0.247,,●,●
3406,中里英夫,B1,全国,9,0.167,0.209,,,●
3411,池上隆行,B1,全国,7,0.14,0.172,,,
3412,鈴木博,A1,当地,22,0.169,0.137,,,
3415,松井繁,A1,全国,9,0.147,0.141,,,
3419,栗原謙治,B2,全国,0,0.196,0.241,,●,●
3422,服部幸男,A2,全国,0,0.145,0.144,,,
3430,角浜修,B1,当地,18,0.153,0.159,,,
3432,宮迫暢彦,B1,全国,6,0.15,0.213,,,●
3434,松尾宣邦,B1,全国,9,0.177,0.183,,,●
3435,寺田千恵,A2,当地,31,0.172,0.152,,,
3436,柏野幸二,A2,全国,0,0.118,0.14,●,,
3439,大平誉史明,A1,全国,0,0.156,0.168,,,
3441,土屋太朗,B1,全国,0,0.181,0.184,,●,●
3442,宮武英司,B1,当地,35,0.175,0.172,,,
3444,香月大介,B1,全国,7,0.161,0.164,,,
3445,加藤高史,B1,全国,0,0.194,0.182,,●,●
3448,高山秀雄,B1,全国,0,0.184,0.197,,●,●
3454,井川大作,B1,当地,20,0.145,0.13,,,
3455,谷本幸司,B1,全国,0,0.163,0.186,,,●
3458,東健介,B1,全国,7,0.14,0.191,,,●
3459,中野和裕,B1,全国,9,0.155,0.186,,,●
3461,渡邊哲也,B1,当地,13,0.228,0.247,,●,●
3463,乙津康志,B1,当地,12,0.162,0.184,,,●
3467,森弘行,B1,全国,7,0.226,0.168,,●,
3470,新田芳美,B1,当地,10,0.164,0.186,,,●
3471,赤峰和也,B1,全国,0,0.161,0.175,,,
3473,石川真二,A1,当地,11,0.122,,●,,
3474,松瀬弘美,B1,全国,9,0.18,0.192,,,●
3475,橋本久和,B1,全国,8,0.182,0.21,,●,●
3477,近藤稔也,B1,当地,15,0.217,0.161,,●,
3478,嶋田貴支,B1,当地,33,0.153,0.13,,,
3482,金子猛志,B1,全国,6,0.143,0.16,,,
3484,芝田浩治,A2,当地,16,0.159,0.218,,,●
3489,大場敏,A2,当地,12,0.146,0.181,,,●
3497,後藤浩,B1,当地,14,0.168,0.177,,,
3499,市川哲也,A1,当地,11,0.109,0.098,●,,
3502,渡邉英児,A2,全国,9,0.15,0.169,,,
3503,堂原洋史,B1,全国,0,0.164,0.16,,,
3505,山田竜一,A2,全国,0,0.15,0.14,,,
3507,藤井徹,B1,当地,14,0.154,0.23,,,●
3508,久富政弘,A2,全国,9,0.177,0.225,,,●
3509,池千夏,B1,当地,26,0.145,0.153,,,
3514,山一鉄也,A2,全国,9,0.156,0.183,,,●
3516,吉原聖人,B1,当地,19,0.15,0.176,,,
3517,高橋勲,B1,全国,7,0.159,0.163,,,
3518,倉田郁美,B1,全国,7,0.193,0.186,,●,●
3519,冨田秀幸,B1,全国,0,0.167,0.159,,,
3523,寳田亮治,B1,全国,8,0.194,0.201,,●,●
3527,中嶋誠一郎,B1,全国,0,0.173,0.171,,,
3528,笠野友紀恵,B1,全国,6,0.204,0.191,,●,●
3532,柴田光,B2,全国,9,0.15,0.173,,,
3535,渡修平,B1,当地,15,0.156,0.202,,,●
3538,菊池峰晴,B2,全国,0,0.22,0.198,,●,●
3539,金子順一,B1,全国,7,0.175,0.2,,,●
3541,三嶌誠司,A2,当地,30,0.161,0.157,,,
3542,清水紀克,B1,全国,7,0.192,0.187,,●,●
3543,福田雅一,B1,当地,11,0.132,0.177,,,
3544,豊田訓靖,B1,全国,0,0.199,0.197,,●,●
3546,中里昌志,B1,全国,7,0.181,0.189,,●,●
3548,室田泰史,A2,全国,0,0.113,0.133,●,,
3550,都築正治,B1,当地,11,0.142,0.164,,,
3551,藤田美代,B1,全国,8,0.211,0.191,,●,●
3554,仲口博崇,A1,当地,22,0.189,0.198,,●,●
3556,田中信一郎,A1,当地,11,0.168,0.172,,,
3557,太田和美,A1,当地,13,0.133,0.15,,,
3558,山本浩次,B1,当地,16,0.121,0.091,●,,
3562,山下和彦,A2,全国,0,0.175,0.176,,,
3563,堤昇,B1,全国,0,0.143,0.17,,,
3564,桑原啓,B1,当地,25,0.157,0.189,,,●
3566,川添英正,B1,当地,10,0.174,0.142,,,
3567,吉岡誠,B1,当地,11,0.168,0.195,,,●
3568,木村光宏,B1,当地,57,0.166,0.164,,,
3569,増田進,B1,全国,6,0.175,0.194,,,●
3572,安田政彦,B1,当地,31,0.193,0.214,,●,●
3574,大神康司,A1,当地,18,0.172,,,,
3576,白水勝也,A1,全国,8,0.155,0.185,,,●
3577,向所浩二,B1,全国,0,0.172,0.158,,,
3578,塩田雄一,B1,当地,45,0.187,0.158,,●,
3579,中里優子,B1,全国,8,0.193,0.195,,●,●
3580,水口由紀,B1,全国,9,0.192,0.203,,●,●
3581,加木郁,B1,全国,0,0.195,0.188,,●,●
3582,吉川昭男,A2,全国,9,0.163,0.209,,,●
3583,齋藤智裕,B1,当地,10,0.205,0.143,,●,
3584,佐々木英樹,B1,全国,0,0.178,0.171,,,
3587,武田信一,B1,全国,0,0.158,0.173,,,
3589,西村勝,B1,全国,0,0.164,0.153,,,
3590,濱野谷憲吾,A1,全国,0,0.142,0.148,,,
3591,後藤孝義,B1,全国,0,0.187,0.227,,●,●
3596,河上年昭,B1,全国,8,0.164,0.171,,,
3602,奥平拓也,B1,全国,0,0.206,0.214,,●,●
3604,武藤綾子,B1,当地,14,0.21,0.179,,●,
3605,中村守成,B1,当地,10,0.194,0.158,,●,
3606,川北浩貴,B1,当地,18,0.127,0.156,●,,
3611,岩崎芳美,A2,当地,18,0.136,0.139,,,
3612,馬袋義則,A1,当地,24,0.166,0.112,,,
3613,角谷健吾,A2,当地,14,0.154,0.145,,,
3614,谷勝幸,B1,全国,0,0.168,0.165,,,
3615,横田茂,B1,全国,9,0.165,0.163,,,
3616,中村真,B1,当地,10,0.176,0.16,,,
3617,竹田広樹,B1,全国,9,0.183,0.201,,●,●
3618,海野ゆかり,A1,全国,8,0.173,0.202,,,●
3619,長谷川充,B1,全国,8,0.176,0.206,,,●
3620,信濃由行,B1,当地,10,0.182,0.184,,●,●
3621,天野晶夫,A2,当地,14,0.226,0.171,,●,
3623,深川真二,A1,当地,26,0.14,,,,
3627,井上恵一,A2,当地,11,0.17,0.235,,,●
3629,浅見昌克,A2,全国,9,0.137,0.145,,,
3630,黒田誠司,B1,全国,0,0.176,0.164,,,
3631,田添康介,B2,全国,8,0.161,0.213,,,●
3635,石田政吾,B1,当地,17,0.113,0.173,●,,
3637,齋藤和政,B1,全国,0,0.182,0.187,,●,●
3641,一瀬明,A1,当地,21,0.146,0.196,,,●
3642,大塚浩二,B1,全国,1,0.198,0.204,,●,●
3643,米田隆弘,B1,当地,10,0.196,0.19,,●,●
3644,矢橋成介,B2,全国,0,,,,,
3645,淺田千亜希,B2,全国,1,0.147,0.16,,,
3647,伊藤雄二,B1,全国,9,0.171,0.189,,,●
3652,森下勇,B1,全国,0,0.172,0.201,,,●
3653,品川賢次,B2,全国,0,0.201,0.2,,●,●
3654,武田光史,A2,全国,9,0.157,0.172,,,
3655,本橋克洋,B1,全国,0,0.172,0.168,,,
3656,伯母芳恒,B1,全国,0,0.173,0.196,,,●
3659,藤生雄人,A2,全国,9,0.156,0.183,,,●
3660,長谷川親王,B1,当地,28,0.194,0.221,,●,●
3661,柳瀬興志,A2,当地,10,0.187,0.12,,●,
3662,大庭元明,B1,全国,0,0.158,0.167,,,
3663,木山和幸,B1,当地,18,0.16,0.175,,,
3664,鈴木賢一,B1,全国,6,0.134,0.214,,,●
3679,飯島昌弘,A2,全国,0,0.149,0.193,,,●
3680,森林太,B1,当地,17,0.259,0.19,,●,●
3681,山谷央,B1,全国,7,0.15,0.156,,,
3684,清水攻二,A2,全国,0,0.153,0.207,,,●
3685,荒井輝年,A2,全国,0,0.143,0.163,,,
3686,鳥居塚孝博,A2,全国,0,0.14,0.156,,,
3687,花田和明,B1,当地,10,0.176,0.18,,,
3690,河合三弘,B1,全国,8,0.192,0.18,,●,
3692,竹腰正樹,B1,全国,0,0.167,0.188,,,●
3696,白井友晴,B1,全国,9,0.177,0.171,,,
3699,富永正人,B1,全国,7,0.176,0.195,,,●
3701,大西隆洋,B1,当地,38,0.168,0.166,,,
3703,鳥飼眞,A2,全国,0,0.187,0.174,,●,
3704,本部めぐみ,B1,全国,9,0.218,0.205,,●,●
3708,岡部貴司,B1,全国,0,0.151,0.17,,,
3710,吉永泰弘,B1,当地,47,0.156,0.198,,,●
3711,江本真治,A2,当地,11,0.14,0.126,,,
3712,淺香文武,B1,全国,0,0.16,0.176,,,
3713,伊藤誠二,A1,当地,22,0.148,0.171,,,
3714,梶原正,B1,全国,9,0.155,0.164,,,
3715,倉尾大介,A2,全国,7,0.153,0.197,,,●
3716,石渡鉄兵,A1,全国,0,0.136,0.121,,,
3717,立間充宏,A2,当地,14,0.204,0.13,,●,
3718,伊達正利,B1,当地,14,0.15,0.18,,,
3719,辻栄蔵,A1,全国,7,0.151,0.151,,,
3721,守田俊介,A1,全国,0,0.128,0.126,●,,
3722,西村秀樹,B1,当地,11,0.165,0.242,,,●
3726,桂林寛,B1,全国,0,0.165,0.157,,,
3730,塩崎優司,B1,当地,16,0.146,0.189,,,●
3731,高濱芳久,B1,当地,24,0.216,0.185,,●,●
3736,岡本猛,B2,全国,0,,,,,
3737,上平真二,A1,全国,9,0.153,0.187,,,●
3740,大澤普司,A1,当地,18,0.14,0.159,,,
3741,松尾基成,B1,当地,10,0.142,0.158,,,
3742,宮地秀祈,B1,当地,25,0.208,0.177,,●,
3743,林美憲,A1,全国,7,0.14,0.164,,,
3744,徳増秀樹,A1,当地,12,0.13,0.133,●,,
3745,橋本年光,B1,全国,0,0.176,0.207,,,●
3746,岡瀬正人,A2,当地,22,0.17,0.179,,,
3747,國崎良春,A2,全国,0,0.167,0.154,,,
3748,小黒竜吾,B1,全国,6,0.161,0.162,,,
3752,宇土泰就,B1,全国,0,0.187,0.154,,●,
3757,畑和宏,A2,全国,8,0.157,0.164,,,
3761,山本光雄,B1,全国,0,0.177,0.168,,,
3769,佐竹恒彦,A2,全国,9,0.159,0.176,,,
3771,折下寛法,B1,当地,20,0.176,0.168,,,
3772,一柳和孝,B1,全国,0,0.162,0.151,,,
3773,津留浩一郎,B1,全国,6,0.146,0.171,,,
3775,泉啓文,B1,全国,0,0.165,0.194,,,●
3776,横井健太,B1,全国,6,0.199,0.199,,●,●
3777,樋口亮,A2,当地,19,0.159,0.239,,,●
3778,安達美帆,B1,全国,6,0.216,0.231,,●,●
3779,原田幸哉,A1,当地,10,0.062,0.12,●,,
3783,瓜生正義,A1,全国,0,0.159,0.147,,,
3784,中島友和,B1,全国,9,0.162,0.156,,,
3787,天野誠,B1,当地,15,0.169,0.201,,,●
3788,一宮稔弘,B2,全国,8,0.141,0.129,,,
3790,佐口達也,B1,全国,0,0.18,0.209,,,●
3792,田中豪,A1,全国,7,0.158,0.155,,,
3793,高橋真吾,B1,全国,3,0.145,0.166,,,
3796,長野道臣,B1,全国,0,0.183,0.171,,●,
3797,岩井繁,B1,全国,0,0.197,0.211,,●,●
3800,牧宏次,A2,全国,0,0.147,0.182,,,●
3801,五反田忍,B1,全国,1,0.164,0.168,,,
3804,中渡修作,B1,全国,7,0.161,0.17,,,
3805,高橋英之,B1,当地,11,0.12,0.184,●,,●
3807,岡部哲,B1,全国,6,0.156,0.18,,,
3808,秋田健太郎,B1,全国,6,0.165,0.17,,,
3809,吉田光,B1,当地,20,0.169,0.165,,,
3811,石田章央,A1,当地,13,0.175,0.162,,,
3812,山崎聖司,B1,全国,8,0.17,0.194,,,●
3813,佐藤大介,A1,全国,0,0.149,0.18,,,
3814,金子貴志,B1,全国,0,0.204,0.19,,●,●
3820,樫葉次郎,B1,全国,8,0.15,0.163,,,
3822,平尾崇典,A1,当地,12,0.123,0.128,●,,
3825,宮嵜隆太郎,B1,当地,15,0.098,0.129,●,,
3826,村田修次,A2,当地,23,0.146,0.15,,,
3827,今泉徹,B1,全国,7,0.176,0.171,,,
3828,明石正之,B1,全国,0,0.143,0.179,,,
3831,安藤裕貴,B1,全国,0,0.142,0.162,,,
3832,下田哲也,B2,当地,32,0.154,0.141,,,
3833,中辻博訓,A2,当地,21,0.144,0.2,,,●
3834,細川明人,B1,全国,9,0.185,0.199,,●,●
3837,秋山広一,A2,当地,47,0.15,0.157,,,
3838,伊藤啓三,B1,全国,9,0.151,0.165,,,
3839,川合理司,B1,全国,0,0.17,0.209,,,●
3841,佐々木和伸,A2,当地,11,0.13,0.142,●,,
3842,星野太郎,B1,当地,20,0.154,0.206,,,●
3843,上之晃弘,B1,全国,8,0.152,0.162,,,
3845,中谷朋子,A2,全国,8,0.197,0.217,,●,●
3848,川上聡介,B1,当地,14,0.139,0.12,,,
3849,中岡正彦,A1,当地,59,0.136,0.109,,,
3850,小川知行,B1,全国,0,0.14,0.144,,,
3852,澤大介,B1,全国,9,0.201,0.218,,●,●
3853,岩崎正哉,A2,当地,11,0.106,0.205,●,,●
3854,吉川元浩,A1,全国,4,0.14,0.146,,,
3857,阿波勝哉,B1,全国,0,0.199,0.211,,●,●
3859,多羅尾達之,B1,当地,12,0.182,0.105,,●,
3860,松本浩貴,B1,全国,6,0.208,0.197,,●,●
3863,海老澤泰行,B1,当地,10,0.168,0.188,,,●
3866,木山誠一,B1,全国,0,0.12,0.144,●,,
3867,松浦勝,B1,全国,7,0.176,0.182,,,●
3868,尾形栄治,B1,全国,0,0.188,0.224,,●,●
3869,井芹大志,B1,全国,0,0.188,0.18,,●,
3870,寺嶋雄,B1,全国,8,0.2,0.164,,●,
3871,池田紫乃,B1,全国,8,0.185,0.181,,●,●
3872,岡田憲行,A2,全国,0,0.187,0.179,,●,
3873,別府昌樹,B1,全国,0,0.159,0.23,,,●
3874,山本寛久,A2,全国,0,0.164,0.184,,,●
3875,廣中良一,B1,当地,10,0.174,0.164,,,
3876,中辻崇人,A1,当地,21,0.141,0.131,,,
3878,胡本悟志,B1,当地,10,0.136,0.24,,,●
3880,浅見宗孝,B1,当地,11,0.185,0.17,,●,
3882,新田智彰,B1,当地,21,0.165,0.166,,,
3885,久田武,A2,全国,7,0.165,0.177,,,
3888,山本英志,A2,全国,0,0.144,0.143,,,
3889,須藤隆雄,B1,全国,9,0.167,0.183,,,●
3891,谷口健一,B1,全国,0,0.169,0.192,,,●
3892,草場康幸,B1,当地,16,0.168,0.169,,,
3893,汐崎正則,B1,全国,8,0.161,0.181,,,●
3895,堀本裕也,B2,全国,0,0.195,0.15,,●,
3896,上田洋平,B1,全国,8,0.157,0.168,,,
3897,白井英治,A1,全国,8,0.139,0.121,,,
3898,平田忠則,A1,全国,9,0.151,0.187,,,●
3900,香川素子,A2,当地,10,0.196,0.2,,●,●
3901,松田憲幸,B2,全国,9,0.222,0.21,,●,●
3902,蜷川哲平,B2,全国,0,,,,,
3904,森貴洋,B1,全国,0,0.163,0.202,,,●
3905,天野友和,A2,全国,9,0.157,0.164,,,
3906,飯山晃三,B1,当地,20,0.179,0.183,,,●
3907,村越篤,B1,当地,39,0.158,0.148,,,
3908,重成一人,A1,当地,31,0.155,0.142,,,
3909,佐々木康幸,A1,全国,8,0.115,0.122,●,,
3910,松下知幸,B1,当地,38,0.142,0.161,,,
3911,鈴木猛,B1,全国,9,0.176,0.176,,,
3912,川原正明,B1,当地,11,0.122,0.104,●,,
3915,繁野谷圭介,A2,当地,11,0.224,0.255,,●,●
3918,深井利寿,A1,当地,10,0.148,0.163,,,
3920,正木聖賢,B1,全国,7,0.18,0.15,,,
3921,川村正輝,B2,当地,13,0.194,0.198,,●,●
3922,菅沼佳昭,B1,全国,9,0.18,0.199,,,●
3928,林恵祐,B1,全国,0,0.17,0.188,,,●
3929,杢野誓良,B1,全国,0,0.161,0.158,,,
3930,岸本隆,A2,当地,16,0.201,0.193,,●,●
3931,黒崎竜也,A2,全国,0,0.149,0.154,,,
3932,池田浩美,B1,全国,8,0.16,0.18,,,
3933,山地正樹,B1,全国,7,0.174,0.176,,,
3934,鋤柄貴俊,B1,全国,9,0.165,0.171,,,
3935,岩津徹郎,B1,全国,6,0.152,0.178,,,
3939,渡辺真至,B2,全国,0,0.135,0.17,,,
3940,飯山泰,A1,全国,0,0.147,0.143,,,
3941,池田浩二,A1,全国,0,0.107,0.133,●,,
3942,寺田祥,A1,全国,9,0.142,0.137,,,
3943,三松直美,B2,全国,0,0.187,0.194,,●,●
3944,山口裕二,A1,当地,11,0.192,0.156,,●,
3945,橋口真樹,B1,全国,1,0.203,0.21,,●,●
3946,赤岩善生,A1,当地,20,0.155,0.158,,,
3947,寺本昇平,B1,当地,12,0.252,0.157,,●,
3948,大町利克,B1,全国,6,0.173,0.199,,,●
3949,今出晋二,B1,全国,6,0.186,0.183,,●,●
3950,石川哲秀,B1,全国,0,0.153,0.15,,,
3951,石川吉鎬,B1,当地,11,0.197,0.232,,●,●
3952,中澤和志,A1,当地,12,0.116,0.124,●,,
3953,志道吉和,B2,全国,8,0.152,0.23,,,●
3955,眞田英二,B2,全国,0,0.176,0.21,,,●
3956,横澤剛治,A2,全国,0,0.172,0.169,,,
3957,大谷直弘,B1,全国,0,0.197,0.188,,●,●
3959,坪井康晴,A1,全国,0,0.119,0.148,●,,
3960,菊地孝平,A1,全国,0,0.113,0.113,●,,
3961,谷村一哉,A1,全国,0,0.166,0.168,,,
3963,原田秀弥,A2,当地,10,0.184,0.162,,●,
3964,宮地博士,B1,全国,9,0.178,0.216,,,●
3965,北中元樹,A1,全国,0,0.173,0.17,,,
3966,作間章,A1,当地,10,0.188,0.154,,●,
3967,鈴木茂高,B1,全国,8,0.172,0.209,,,●
3968,茶谷信次,A2,全国,6,0.159,0.207,,,●
3973,崎利仁,B1,全国,0,0.2,0.218,,●,●
3974,深山祐二,B1,全国,0,0.165,0.164,,,
3975,小野寺智洋,A2,当地,26,0.157,0.138,,,
3976,内田圭,B1,全国,0,0.168,0.179,,,
3977,山本兼士,B1,全国,0,0.177,0.187,,,●
3978,齊藤仁,A2,全国,0,0.14,0.181,,,●
3981,今坂晃広,B1,当地,18,0.164,0.213,,,●
3982,福田理,B1,当地,20,0.199,0.167,,●,
3983,須藤博倫,A1,全国,8,0.15,0.143,,,
3984,坂口周,A1,全国,0,0.164,0.181,,,●
3986,沖島広和,B1,当地,10,0.214,0.218,,●,●
3987,後藤正宗,A1,当地,14,0.164,0.145,,,
3988,古川誠之,A2,当地,11,0.12,0.172,●,,
3989,熊本英一,B1,全国,0,0.193,0.219,,●,●
3990,芹澤克彦,B1,当地,12,0.125,0.13,●,,
3992,関口智久,B1,全国,8,0.153,0.124,,,
3993,永井聖美,B1,全国,0,0.163,0.164,,,
3994,小野桜,B1,当地,11,0.22,0.147,,●,
3995,重野哲之,A2,全国,0,0.117,0.106,●,,
3997,北村征嗣,A1,当地,20,0.131,0.139,,,
3998,冨成謙児,B1,当地,11,0.152,0.172,,,
3999,大瀧明日香,A2,全国,3,0.155,0.16,,,
4000,松本博昭,A2,当地,11,0.179,0.172,,,
4002,古結宏,A1,当地,21,0.14,0.134,,,
4003,表憲一,B1,全国,0,0.176,0.186,,,●
4004,山本浩輔,B1,全国,0,0.168,0.181,,,●
4006,小野勇作,B1,全国,0,0.171,0.174,,,
4007,榮田将彦,B1,当地,11,0.16,0.16,,,
4009,小林一樹,A2,全国,4,0.12,0.133,●,,
4010,越智照浩,B1,当地,26,0.188,0.195,,●,●
4011,堀之内紀代子,A2,当地,16,0.214,0.178,,●,
4012,中村有裕,A2,当地,10,0.142,0.1,,,
4013,中島孝平,A1,全国,0,0.132,0.153,,,
4014,片岡恵里,A2,当地,10,0.162,0.205,,,●
4015,前野竜一,A2,当地,18,0.167,0.161,,,
4016,西川新太郎,B1,全国,0,0.167,0.167,,,
4017,向井美鈴,B1,当地,17,0.198,0.18,,●,
4019,笠原亮,A1,全国,0,0.152,0.184,,,●
4020,川上清人,B1,当地,36,0.175,0.197,,,●
4022,待鳥雄紀,B1,全国,9,0.171,0.152,,,
4023,柴田友和,B1,全国,0,0.176,0.172,,,
4024,井口佳典,A1,当地,11,0.155,0.146,,,
4025,山本隆幸,A1,当地,11,0.14,0.128,,,
4027,松江秀徳,A2,全国,8,0.167,0.153,,,
4028,田村隆信,A1,当地,20,0.148,0.18,,,
4030,森高一真,A1,当地,29,0.148,0.128,,,
4031,飯島誠,B1,全国,0,0.161,0.186,,,●
4033,伊藤将吉,A2,全国,0,0.148,0.157,,,
4034,西原明生,B1,当地,39,0.193,0.203,,●,●
4035,杉江浩明,B1,全国,0,0.217,0.205,,●,●
4036,金田諭,A1,当地,11,0.166,0.137,,,
4039,村上功祐,B1,全国,0,0.159,0.146,,,
4040,廣瀬将亨,A2,全国,9,0.15,0.14,,,
4041,小林基樹,B1,当地,20,0.216,0.215,,●,●
4042,丸岡正典,A2,当地,20,0.155,0.177,,,
4043,桐本康臣,A2,全国,0,0.17,0.169,,,
4044,湯川浩司,A1,全国,0,0.143,0.133,,,
4045,佐々木裕美,B1,全国,8,0.164,0.171,,,
4047,吉永浩則,B1,全国,7,0.159,0.201,,,●
4049,荒川健太,A2,当地,16,0.124,0.2,●,,●
4050,田口節子,A1,全国,8,0.143,0.161,,,
4051,清水敦揮,A2,当地,22,0.143,0.157,,,
4052,興津藍,A2,全国,9,0.136,0.18,,,
4053,芦澤望,A2,全国,0,0.157,0.167,,,
4054,福嶋智之,B1,全国,8,0.162,0.154,,,
4055,吉田俊彦,A2,当地,10,0.174,0.152,,,
4057,松井賢治,A2,全国,7,0.15,0.157,,,
4058,野末智一,A1,当地,12,0.152,0.198,,,●
4059,入澤友治,B1,当地,11,0.156,0.102,,,
4060,島田一生,B1,当地,21,0.191,0.13,,●,
4061,萩原秀人,A1,当地,10,0.09,0.085,●,,
4062,後藤陽介,B1,全国,0,0.174,0.181,,,●
4063,市橋卓士,A1,当地,13,0.15,0.152,,,
4064,原田篤志,A1,当地,24,0.157,0.187,,,●
4065,金田幸子,B1,全国,9,0.172,0.175,,,
4066,東本勝利,A2,当地,11,0.158,0.183,,,●
4067,永井源,A2,全国,0,0.165,0.163,,,
4068,幸田智裕,B1,全国,0,0.147,0.186,,,●
4069,山本修一,A2,当地,10,0.17,0.205,,,●
4071,古賀千晶,B1,全国,0,0.173,0.171,,,
4072,森永淳,A1,当地,13,0.094,0.118,●,,
4073,大橋純一郎,A1,全国,7,0.135,0.165,,,
4074,柳沢一,A1,当地,26,0.14,0.122,,,
4075,中野次郎,A1,当地,11,0.128,0.154,●,,
4076,杉田篤光,B1,全国,9,0.181,0.238,,●,●
4077,品田直樹,A2,当地,10,0.168,0.202,,,●
4079,出畑孝典,A2,当地,10,0.22,0.188,,●,●
4080,山崎哲司,B2,全国,0,0.138,0.155,,,
4081,樋口範政,B1,全国,0,0.177,0.196,,,●
4082,濱崎誠,B1,全国,0,0.154,0.196,,,●
4083,福島勇樹,A1,全国,7,0.127,0.153,●,,
4084,杉山正樹,A1,全国,9,0.152,0.161,,,
4085,荻野裕介,B1,全国,0,0.194,0.214,,●,●
4086,寺本重宣,A2,全国,0,0.142,0.156,,,
4089,妹尾忠幸,A2,全国,9,0.15,0.176,,,
4090,中村尊,B2,当地,16,0.146,0.16,,,
4092,岡部大輔,B1,当地,10,0.135,0.152,,,
4093,吉田宗弘,B1,全国,8,0.171,0.205,,,●
4094,中島真二,B1,当地,14,0.193,0.183,,●,●
4095,福来剛,A1,全国,0,0.128,0.14,●,,
4096,石橋道友,A1,全国,6,0.152,0.15,,,
4097,貫地谷直人,B1,当地,17,0.217,0.24,,●,●
4098,赤澤文香,B1,全国,7,0.179,0.208,,,●
4099,吉永則雄,A2,当地,17,0.15,0.129,,,
4100,松田隆司,B1,全国,0,0.156,0.171,,,
4102,益田啓司,A1,当地,12,0.187,0.22,,●,●
4103,山崎善庸,B1,全国,9,0.212,0.247,,●,●
4104,木下陽介,B1,全国,0,0.16,0.141,,,
4105,松下直也,B1,当地,20,0.175,0.168,,,
4106,坂井康嗣,B1,全国,7,0.186,0.181,,●,●
4108,吉村正明,A1,全国,8,0.15,0.134,,,
4109,谷津幸宏,A2,当地,20,0.127,0.122,●,,
4110,小澤和也,B1,全国,7,0.17,0.183,,,●
4111,奥田誠,A2,当地,20,0.191,0.166,,●,
4112,大久保信一郎,A2,全国,9,0.147,0.18,,,
4113,木村浩士,B1,全国,0,0.185,0.174,,●,
4114,深澤達徳,B1,全国,0,0.191,0.177,,●,
4116,川田正人,B1,当地,18,0.192,0.158,,●,
4117,廣中智紗衣,A2,当地,22,0.215,0.237,,●,●
4118,宇佐見淳,A2,全国,0,0.136,0.158,,,
4119,泥谷一毅,B1,全国,0,0.187,0.188,,●,●
4120,柘植政浩,A2,当地,13,0.137,0.172,,,
4121,富永修一,A2,当地,21,0.185,0.136,,●,
4122,安東幸治,A2,全国,0,0.166,0.177,,,
4123,細川裕子,A1,当地,28,0.186,0.21,,●,●
4124,池田雄一,A2,全国,0,0.164,0.165,,,
4128,川口貴久,B1,全国,9,0.144,0.137,,,
4129,宇野博之,B1,全国,9,0.17,0.192,,,●
4131,原豊土,B1,全国,8,0.16,0.178,,,
4133,高橋正男,A2,全国,7,0.162,0.175,,,
4134,杉山貴博,A2,当地,13,0.163,0.149,,,
4136,江夏満,A1,全国,0,0.148,0.188,,,●
4137,君島秀三,A1,当地,13,0.137,0.127,,,
4138,中井俊祐,B1,当地,23,0.195,0.146,,●,
4139,丹下健,B1,全国,9,0.175,0.2,,,●
4140,梶野学志,A2,全国,8,0.144,0.165,,,
4142,平野和明,A2,全国,0,0.173,0.187,,,●
4143,浦田晃嗣,B1,当地,13,0.138,0.162,,,
4144,石塚久也,A2,全国,0,0.186,0.179,,●,
4145,小澤学,B1,当地,15,0.237,0.249,,●,●
4146,柳橋宏紀,A2,全国,9,0.15,0.135,,,
4148,枝尾賢,A2,全国,7,0.143,0.137,,,
4150,山田雄太,A2,当地,10,0.138,0.145,,,
4151,下河誉史,B1,全国,7,0.182,0.198,,●,●
4152,深水慎一郎,A2,全国,8,0.177,0.185,,,●
4154,森安弘雅,B1,当地,42,0.183,0.216,,●,●
4155,長野壮志郎,A2,全国,5,0.158,0.154,,,
4156,浜野孝志,A2,当地,13,0.129,0.158,●,,
4158,木場雄二郎,B1,全国,8,0.172,0.162,,,
4159,向後龍一,A2,全国,0,0.155,0.174,,,
4161,黒柳浩孝,B1,全国,0,0.169,0.157,,,
4162,竹本太樹,B1,全国,0,0.166,0.193,,,●
4163,山崎裕司,A2,当地,10,0.153,0.177,,,
4164,岩永節也,B1,当地,10,0.156,0.18,,,
4166,吉田拡郎,A1,全国,8,0.13,0.119,●,,
4167,片岡秀樹,B1,全国,7,0.16,0.16,,,
4168,石野貴之,A1,全国,0,0.143,0.145,,,
4169,多田有佑,B1,当地,11,0.225,0.24,,●,●
4171,榎幸司,A2,当地,10,0.188,0.242,,●,●
4172,森定晃史,A2,当地,10,0.117,0.155,●,,
4173,岡谷健吾,B1,全国,0,0.173,0.167,,,
4174,赤坂俊輔,A1,当地,31,0.161,0.147,,,
4175,川尻泰輔,A2,全国,0,0.149,0.135,,,
4176,樋口喜彦,B2,当地,11,0.11,0.154,●,,
4177,萬正嗣,B1,当地,21,0.142,0.195,,,●
4179,広次修,A2,全国,0,0.146,0.166,,,
4180,上野秀和,A2,全国,0,0.175,0.168,,,
4181,花本夏樹,B1,全国,7,0.18,0.251,,,●
4182,吉田和仁,B1,全国,7,0.174,0.206,,,●
4183,宇野弥生,B1,全国,7,0.133,0.13,,,
4184,渡邊雄一郎,A1,全国,0,0.174,0.166,,,
4186,小川時光,B1,全国,0,0.17,0.175,,,
4188,久田敏之,A1,当地,13,0.111,0.108,●,,
4189,川上剛,A1,当地,10,0.153,0.145,,,
4190,長嶋万記,B2,全国,9,0.153,0.18,,,
4191,赤羽克也,A1,全国,9,0.163,0.156,,,
4193,郷原章平,A2,全国,0,0.137,0.159,,,
4195,前川守嗣,B1,全国,0,0.149,0.166,,,
4196,田中太一郎,B1,全国,0,0.187,0.165,,●,
4197,渥美卓郎,B1,当地,12,0.166,0.194,,,●
4199,北川潤二,A1,当地,24,0.157,0.154,,,
4200,早川尚人,B1,全国,7,0.192,0.179,,●,
4201,佐竹友樹,B1,全国,0,0.2,0.165,,●,
4202,浮田圭浩,B1,全国,9,0.164,0.208,,,●
4203,小倉康典,B1,全国,3,0.148,0.141,,,
4204,柴田大輔,B1,当地,17,0.158,0.171,,,
4205,山口剛,A1,全国,0,0.126,0.148,●,,
4207,松下一也,A1,当地,12,0.119,0.095,●,,
4208,三浦永理,A1,当地,20,0.143,0.146,,,
4209,藤田竜弘,A2,当地,17,0.162,0.179,,,
4210,松村康太,A2,当地,18,0.204,0.124,,●,
4211,村田敦,B1,全国,6,0.16,0.151,,,
4213,重富伸也,B1,当地,19,0.155,0.115,,,
4214,林祐介,B1,当地,11,0.14,0.172,,,
4215,吉島祥之,A2,全国,9,0.151,0.181,,,●
4216,星栄爾,B1,当地,13,0.114,0.148,●,,
4218,吉川喜継,A1,当地,10,0.144,0.186,,,●
4219,本岡勝利,B1,全国,0,0.177,0.191,,,●
4220,深川和仁,B1,当地,27,0.159,0.148,,,
4224,大橋栄里佳,B1,全国,0,0.196,0.201,,●,●
4225,土屋千明,A2,全国,0,0.133,0.17,,,
4226,村田浩司,B1,全国,0,0.159,0.145,,,
4227,安達裕樹,A2,全国,0,0.149,0.168,,,
4228,吉田慎二郎,A2,当地,19,0.2,0.172,,●,
4229,市川美宏,B1,全国,0,0.181,0.208,,●,●
4230,濱崎直矢,A2,全国,9,0.144,0.172,,,
4231,鈴木裕隆,B1,全国,7,0.17,0.178,,,
4232,笠雅雄,B1,全国,9,0.17,0.179,,,
4233,亀山雅幸,A2,当地,12,0.112,0.18,●,,
4234,野相弘司,B1,全国,7,0.142,0.203,,,●
4236,松村敏,A1,当地,11,0.088,0.12,●,,
4237,大峯豊,A1,当地,10,0.132,0.136,,,
4238,毒島誠,A1,全国,0,0.145,0.153,,,
4239,竹田辰也,A1,当地,15,0.144,0.128,,,
4240,今井裕梨,A2,当地,11,0.167,0.15,,,
4241,大串重幸,A2,全国,0,0.157,0.19,,,●
4243,西村歩,B1,当地,17,0.173,0.21,,,●
4244,鈴木成美,B2,全国,0,0.161,0.161,,,
4245,高橋直哉,B1,当地,24,0.188,0.194,,●,●
4246,喜多那由夏,B1,全国,9,0.184,0.182,,●,●
4247,齊藤優,B1,当地,12,0.168,0.184,,,●
4248,岡本大,B1,全国,3,0.15,0.184,,,●
4251,川崎誠志,B1,全国,0,0.206,0.22,,●,●
4252,松下哲也,B1,全国,0,0.183,0.196,,●,●
4253,西川真人,B1,全国,7,0.183,0.184,,●,●
4254,川島圭司,A2,当地,12,0.168,0.203,,,●
4256,渡辺浩司,A1,全国,8,0.126,0.14,●,,
4257,古川健,B1,全国,0,0.166,0.162,,,
4258,関根彰人,B1,当地,10,0.16,0.164,,,
4259,真庭明志,A2,当地,18,0.19,0.145,,●,
4260,中越博紀,B1,当地,10,0.166,0.146,,,
4261,岡祐臣,A2,全国,0,0.153,0.174,,,
4262,馬場貴也,A1,全国,9,0.142,0.148,,,
4263,武重雄介,B1,当地,16,0.152,0.209,,,●
4264,長尾章平,A1,全国,9,0.153,0.166,,,
4266,長田頼宗,A1,全国,9,0.136,0.16,,,
4268,和合俊介,B1,当地,10,0.225,0.133,,●,
4269,杉山裕也,A2,全国,0,0.153,0.141,,,
4270,岸本雄貴,B1,全国,0,0.155,0.21,,,●
4271,川崎公靖,B1,全国,9,0.161,0.154,,,
4272,大場広孝,B1,全国,7,0.148,0.188,,,●
4273,佐藤旭,B1,当地,10,0.164,0.153,,,
4274,長畑友輔,B1,全国,0,0.161,0.16,,,
4275,菅野はやか,B1,全国,9,0.234,0.198,,●,●
4276,鈴木勝博,A2,全国,6,0.177,0.145,,,
4277,金田大輔,B1,当地,19,0.133,0.146,,,
4278,藤岡俊介,A1,全国,9,0.119,0.139,●,,
4281,大澤大夢,B1,当地,18,0.147,0.171,,,
4283,石井裕美,B1,全国,7,0.167,0.172,,,
4286,平田さやか,A2,全国,0,0.142,0.163,,,
4287,今井貴士,A2,全国,9,0.17,0.166,,,
4288,永田啓二,A1,当地,21,0.14,0.105,,,
4289,落合直子,A2,当地,20,0.131,0.126,,,
4290,稲田浩二,A1,全国,0,0.136,0.114,,,
4292,麻生慎介,A1,当地,18,0.133,0.138,,,
4293,鈴木智啓,B1,当地,10,0.194,0.216,,●,●
4294,古賀繁輝,A1,当地,19,0.165,0.11,,,
4295,小坂尚哉,A1,当地,28,0.112,0.126,●,,
4296,岡崎恭裕,A2,当地,17,0.113,0.118,●,,
4297,山田哲也,A1,当地,12,0.128,0.088,●,,
4298,宮下元胤,A2,当地,11,0.186,0.213,,●,●
4299,中島浩哉,B1,全国,0,0.126,0.157,●,,
4300,加藤綾,B1,全国,8,0.167,0.192,,,●
4301,関裕也,B1,全国,6,0.192,0.207,,●,●
4302,西野翔太,A1,全国,8,0.149,0.149,,,
4303,牧原崇,B1,当地,19,0.173,0.18,,,
4304,藤崎小百合,B2,全国,0,,,,,
4305,金子拓矢,A1,全国,9,0.149,0.147,,,
4306,畔柳俊吾,B1,当地,12,0.2,0.16,,●,
4308,河村了,A1,全国,0,0.161,0.173,,,
4311,岡村仁,A1,全国,0,0.137,0.152,,,
4313,西村美智子,A2,当地,40,0.152,0.158,,,
4314,青木幸太郎,A2,当地,21,0.148,0.111,,,
4315,山崎昂介,B1,当地,14,0.206,0.186,,●,●
4317,木村紗友希,B1,当地,10,0.232,0.182,,●,●
4318,桑原将光,A2,当地,18,0.132,0.151,,,
4319,三宅潤,A2,当地,15,0.146,0.164,,,
4320,峰竜太,A1,全国,8,0.127,0.133,●,,
4323,山田佑樹,B1,当地,13,0.132,0.17,,,
4324,海野康志郎,A1,当地,31,0.121,0.168,●,,
4325,新出浩司,B1,全国,9,0.18,0.195,,,●
4327,加藤翔,B1,全国,0,0.184,0.205,,●,●
4329,小松卓司,B1,全国,0,0.157,0.192,,,●
4330,奈須啓太,A2,全国,7,0.131,0.113,,,
4331,三好勇人,A2,当地,47,0.126,0.154,●,,
4332,村上彰一,B1,当地,10,0.142,0.144,,,
4335,若林将,A1,全国,0,0.118,0.123,●,,
4336,松田竜馬,B1,当地,10,0.123,0.15,●,,
4337,平本真之,A1,全国,0,0.142,0.129,,,
4339,平瀬城啓,B1,全国,0,0.188,0.193,,●,●
4340,土性雅也,B2,全国,0,,,,,
4342,谷野錬志,A2,全国,7,0.149,0.155,,,
4343,村岡賢,B1,全国,0,0.163,0.178,,,
4344,新田雄史,A1,全国,8,0.12,0.168,●,,
4345,西舘健,A2,当地,13,0.133,0.145,,,
4346,前田健太郎,B1,当地,11,0.188,0.163,,●,
4347,魚谷香織,A2,当地,19,0.165,0.139,,,
4348,宮崎奨,A2,当地,64,0.16,0.182,,,●
4349,犬童千秋,B1,当地,10,0.122,0.184,●,,●
4350,篠崎元志,A1,全国,0,0.118,0.135,●,,
4351,里岡右貴,A1,全国,8,0.136,0.12,,,
4352,下條雄太郎,A1,全国,0,0.14,0.155,,,
4355,小川広大,B1,当地,13,0.161,0.212,,,●
4356,長岡良也,A2,当地,10,0.225,0.175,,●,
4357,田中和也,A1,全国,0,0.172,0.19,,,●
4358,松本庸平,B1,全国,7,0.191,0.252,,●,●
4359,横川聖志,A2,全国,5,0.135,0.129,,,
4360,庄司孝輔,A2,当地,12,0.15,0.14,,,
4361,柳生泰二,A1,全国,9,0.135,0.157,,,
4362,土屋智則,A1,全国,9,0.15,0.161,,,
4363,大野芳顕,A2,当地,18,0.161,0.176,,,
4364,池永太,A1,全国,9,0.125,0.135,●,,
4365,盛本真輔,A2,当地,11,0.126,0.123,●,,
4366,前沢丈史,A1,全国,0,0.144,0.131,,,
4367,山口修路,B1,当地,17,0.183,0.2,,●,●
4368,山口隆史,B1,当地,19,0.138,0.18,,,
4369,丹下将,A2,全国,6,0.162,0.153,,,
4370,山口達也,A1,当地,12,0.101,0.174,●,,
4371,西山貴浩,A1,全国,9,0.129,0.141,●,,
4372,原田佑実,A2,当地,21,0.155,0.149,,,
4373,若狭奈美子,A1,当地,12,0.163,0.172,,,
4374,永田義紘,B1,当地,11,0.163,0.158,,,
4375,照屋厚仁,A2,全国,0,0.16,0.175,,,
4376,藤田靖弘,A2,当地,26,0.128,0.184,●,,●
4377,濱本優一,A1,当地,19,0.161,0.134,,,
4379,桑島和宏,A2,全国,8,0.153,0.166,,,
4380,鈴木峻佑,B1,全国,0,0.159,0.177,,,
4381,田路朋史,A2,当地,13,0.153,0.122,,,
4382,高山智至,B1,全国,0,0.164,0.214,,,●
4383,竹田吉行,A2,当地,18,0.158,0.174,,,
4384,鶴本崇文,A1,全国,0,0.154,0.176,,,
4385,鈴木祐美子,B2,全国,0,0.194,0.201,,●,●
4387,平山智加,A1,当地,48,0.152,0.143,,,
4388,是澤孝宏,A2,当地,22,0.151,0.147,,,
4389,伊藤喜智,A2,当地,13,0.201,0.205,,●,●
4390,松本弓雄,B1,当地,10,0.104,0.186,●,,●
4391,松田祐季,A1,全国,7,0.148,0.155,,,
4393,田中孝明,B1,全国,0,0.161,0.227,,,●
4394,永嶋裕一,A2,全国,8,0.148,0.162,,,
4395,下河雅史,B1,全国,0,0.167,0.183,,,●
4396,大田直弥,B1,全国,7,0.187,0.209,,●,●
4397,西村拓也,A1,全国,0,0.13,0.135,●,,
4398,船岡洋一郎,A1,当地,33,0.152,0.129,,,
4399,松本晶恵,B2,全国,0,,,,,
4400,加藤奈月,B1,当地,18,0.18,0.176,,,
4401,小林泰,A2,当地,11,0.14,0.112,,,
4402,乙藤智史,A2,全国,0,0.159,0.174,,,
4403,木下大將,A2,当地,13,0.157,0.143,,,
4404,岸蔭亮,B1,全国,3,0.199,0.193,,●,●
4405,南野利騰,B1,全国,0,0.157,0.152,,,
4406,幸野史明,B1,全国,0,0.156,0.16,,,
4407,鹿島敏弘,B1,全国,0,0.16,0.198,,,●
4408,仁科さやか,B1,全国,2,0.157,0.215,,,●
4409,坂元浩仁,A1,全国,9,0.147,0.152,,,
4410,井上大輔,B1,全国,7,0.16,0.161,,,
4411,沢田昭宏,A2,全国,3,0.184,0.191,,●,●
4413,水摩敦,A2,当地,10,0.2,0.13,,●,
4414,大澤真菜,B1,全国,0,0.164,0.213,,,●
4415,下出卓矢,A1,全国,0,0.132,0.153,,,
4416,三宅健太,B1,当地,10,0.105,0.198,●,,●
4417,服部剛,B1,全国,7,0.2,0.212,,●,●
4418,茅原悠紀,A1,全国,0,0.119,0.14,●,,
4419,原加央理,A2,全国,9,0.152,0.158,,,
4420,津久井拓也,A2,当地,11,0.152,0.152,,,
4421,森作広大,B1,全国,8,0.168,0.212,,,●
4422,永井亮次,B1,全国,8,0.165,0.185,,,●
4423,坂口貴彦,B1,当地,26,0.172,0.171,,,
4424,松尾昂明,A2,全国,0,0.157,0.165,,,
4425,大井清貴,B1,全国,0,0.2,0.187,,●,●
4427,秦英悟,A1,全国,0,0.135,0.135,,,
4428,有賀達也,A2,当地,13,0.169,0.21,,,●
4429,豊田泰洋,B1,全国,3,0.164,0.216,,,●
4430,永田秀二,A2,全国,0,0.157,0.186,,,●
4431,石塚裕介,B1,全国,8,0.152,0.196,,,●
4432,黄金井力良,B1,全国,0,0.156,0.16,,,
4433,川野芽唯,A1,当地,29,0.179,0.194,,,●
4434,田中辰彦,A2,当地,19,0.17,0.166,,,
4435,服部達哉,A2,全国,7,0.181,0.182,,●,●
4436,渋谷明憲,A1,全国,9,0.153,0.155,,,
4437,中田元泰,A2,当地,52,0.144,0.168,,,
4438,森作雄大,B1,全国,0,0.13,0.131,●,,
4439,近藤友宝,B1,全国,6,0.175,0.178,,,
4440,萩原知哉,B1,全国,0,0.158,0.194,,,●
4441,末永由楽,A2,当地,12,0.114,0.12,●,,
4442,松竹大輔,B1,全国,9,0.161,0.152,,,
4443,津田裕絵,B1,当地,18,0.219,0.173,,●,
4444,桐生順平,A1,全国,0,0.123,0.135,●,,
4445,宮地元輝,A1,全国,9,0.118,0.12,●,,
4446,和田兼輔,A1,全国,0,0.129,0.143,●,,
4447,深川麻奈美,B1,全国,9,0.187,0.194,,●,●
4448,青木玄太,A1,当地,17,0.129,0.135,●,,
4449,中嶋達也,B1,全国,0,0.175,0.157,,,
4450,平高奈菜,A2,当地,46,0.168,0.163,,,
4451,松崎祐太郎,A2,全国,0,0.15,0.167,,,
4452,松尾祭,A2,当地,40,0.148,0.179,,,
4456,鎌倉涼,A1,当地,20,0.152,0.159,,,
4457,神田達也,B1,全国,0,0.162,0.159,,,
4458,抹香雄三,B1,当地,10,0.17,0.23,,,●
4459,片岡雅裕,A2,当地,50,0.115,0.119,●,,
4460,後藤翔之,A2,全国,0,0.136,0.153,,,
4461,安田吉宏,B1,全国,0,0.168,0.173,,,
4462,夏山亮平,B1,当地,19,0.124,0.149,●,,
4463,三苫晃幸,A2,全国,0,0.147,0.16,,,
4464,山下友貴,A1,全国,7,0.17,0.208,,,●
4465,大西賢,B1,全国,9,0.188,0.207,,●,●
4466,南佑典,A2,当地,10,0.141,0.21,,,●
4467,渡邉俊介,A1,全国,0,0.13,0.141,●,,
4468,大池佑来,A1,全国,9,0.13,0.142,●,,
4469,土山卓也,A2,全国,0,0.164,0.171,,,
4470,平田健之佑,A2,当地,10,0.107,0.138,●,,
4471,新田泰章,A1,全国,0,0.14,0.168,,,
4472,尾嶋一広,A1,当地,13,0.167,0.135,,,
4473,藤堂里香,B1,当地,11,0.23,0.164,,●,
4474,渡辺崇,B1,当地,17,0.181,0.195,,●,●
4475,末永祐輝,A1,当地,16,0.113,0.144,●,,
4477,篠崎仁志,A1,全国,0,0.13,0.139,●,,
4478,櫻本あゆみ,A1,全国,0,0.154,0.163,,,
4479,矢野真梨菜,B1,全国,8,0.184,0.201,,●,●
4482,守屋美穂,A1,全国,9,0.154,0.181,,,●
4483,北野輝季,A1,当地,18,0.17,0.16,,,
4484,稲生夏季,B1,全国,0,0.212,0.21,,●,●
4485,楠原正剛,B1,当地,18,0.109,0.167,●,,
4486,野村誠,A2,全国,8,0.173,0.179,,,
4487,三原司,B1,当地,19,0.166,0.186,,,●
4488,小山勉,A1,全国,8,0.168,0.179,,,
4489,岩川仁士,B1,全国,0,0.133,0.172,,,
4491,田中堅,B1,全国,0,0.191,0.206,,●,●
4492,本多宏和,B2,全国,0,0.13,0.192,●,,●
4494,河合佑樹,A1,全国,0,0.141,0.167,,,
4495,森晋太郎,B2,全国,0,0.126,0.144,●,,
4496,内堀学,A1,当地,10,0.146,0.162,,,
4497,桑原悠,A1,当地,13,0.121,0.117,●,,
4498,宮本夏樹,B2,全国,9,0.166,0.166,,,
4499,滝川真由子,B1,当地,10,0.132,0.163,,,
4500,山田康二,A1,全国,9,0.126,0.147,●,,
4501,樋口由加里,B1,当地,10,0.132,0.217,,,●
4502,遠藤エミ,A1,全国,9,0.135,0.14,,,
4503,上野真之介,A1,全国,9,0.103,0.12,●,,
4504,前田将太,A1,全国,9,0.168,0.139,,,
4505,島田賢人,A1,全国,0,0.148,0.165,,,
4506,稗田聖也,A1,全国,0,0.14,0.129,,,
4508,野間大樹,A2,全国,0,0.159,0.188,,,●
4509,平見真彦,A2,当地,10,0.158,0.177,,,
4510,坂本奈央,B2,全国,0,0.256,0.246,,●,●
4511,中岡健人,B1,当地,37,0.151,0.164,,,
4512,高野哲史,A1,全国,0,0.143,0.152,,,
4513,河野真也,A2,当地,15,0.184,0.203,,●,●
4514,上條嘉嗣,A1,当地,12,0.171,0.2,,,●
4515,藤田浩人,A2,全国,7,0.162,0.176,,,
4516,野口勝弘,A1,全国,0,0.152,0.162,,,
4518,大須賀友,A1,当地,34,0.144,0.159,,,
4519,清水沙樹,B1,全国,0,0.166,0.155,,,
4520,高倉孝太,A2,全国,0,0.129,0.127,●,,
4521,小池公生,B1,全国,0,0.189,0.24,,●,●
4522,古澤光紀,A2,全国,0,0.146,0.141,,,
4523,中村辰也,A2,当地,14,0.12,0.147,●,,
4524,深谷知博,A1,全国,0,0.115,0.113,●,,
4525,真子奈津実,B1,全国,0,0.133,0.139,,,
4526,池田雄祐,A2,全国,6,0.15,0.148,,,
4527,高野心吾,B1,全国,0,0.15,0.201,,,●
4528,黒井達矢,A1,全国,0,0.157,0.178,,,
4529,嶋義信,A1,当地,32,0.117,0.152,●,,
4530,小野生奈,A1,当地,28,0.148,0.172,,,
4531,武富智亮,A2,全国,0,0.158,0.166,,,
4532,秋元哲,A1,全国,0,0.127,0.135,●,,
4533,峰重侑治,B1,全国,8,0.192,0.176,,●,
4534,坂咲友理,B1,全国,8,0.218,0.204,,●,●
4535,北山康介,A2,当地,13,0.142,0.141,,,
4536,喜井つかさ,A2,全国,0,0.145,0.168,,,
4537,渡邉和将,A1,全国,0,0.146,0.148,,,
4538,笠置博之,A1,当地,11,0.325,0.09,,●,
4539,金子賢志,A1,当地,10,0.104,0.104,●,,
4540,相原利章,A2,当地,12,0.127,0.097,●,,
4543,重木輝彦,A1,全国,5,0.147,0.189,,,●
4544,松田大志郎,A1,当地,13,0.154,0.142,,,
4545,岡村慶太,A1,全国,0,0.15,0.15,,,
4546,浜田亜理沙,B1,当地,17,0.177,0.16,,,
4547,中田竜太,A1,全国,0,0.15,0.17,,,
4548,篠木亜衣花,B1,全国,0,0.244,0.243,,●,●
4549,小林文彦,A2,当地,17,0.194,0.216,,●,●
4550,石岡将太,A2,当地,12,0.167,0.162,,,
4551,三川昂暁,A2,全国,0,0.171,0.165,,,
4552,杉山勝匡,B1,全国,9,0.147,0.135,,,
4553,坪口竜也,A2,当地,22,0.143,0.165,,,
4555,富永大一,B1,全国,0,0.168,0.192,,,●
4556,竹井奈美,A1,全国,9,0.168,0.157,,,
4557,松尾光広,B1,当地,11,0.167,0.218,,,●
4558,宮野仁,B1,全国,7,0.177,0.19,,,●
4560,庄司樹良々,A2,全国,7,0.143,0.154,,,
4561,藤山翔大,A2,全国,0,0.173,0.197,,,●
4562,阪本勇介,B1,全国,6,0.188,0.199,,●,●
4563,齋藤真之,B1,全国,6,0.144,0.186,,,●
4564,山本景士郎,B1,全国,8,0.183,0.201,,●,●
4565,西村豪洋,B1,全国,0,0.168,0.197,,,●
4566,塩田北斗,A1,全国,9,0.146,0.129,,,
4567,上村慎太郎,B1,当地,10,0.172,0.24,,,●
4568,廣瀬真也,B1,当地,11,0.124,0.17,●,,
4569,中澤宏奈,B1,当地,12,0.148,0.135,,,
4570,前田聖文,A1,全国,0,0.151,0.167,,,
4571,菅章哉,A1,全国,0,0.136,0.131,,,
4572,渡部悟,B1,当地,13,0.137,0.108,,,
4573,佐藤翼,A1,全国,0,0.133,0.133,,,
4574,東潤樹,A2,全国,9,0.169,0.176,,,
4575,戸塚邦好,A2,当地,11,0.178,0.143,,,
4578,藤山雅弘,A2,全国,0,0.157,0.212,,,●
4579,中嶋健一郎,A2,全国,0,0.15,0.16,,,
4580,長谷川雅和,B1,全国,4,0.159,0.174,,,
4581,吉村誠,A1,当地,15,0.156,0.147,,,
4583,古田祐貴,B1,当地,41,0.127,0.142,●,,
4584,村岡賢人,A1,全国,0,0.116,0.113,●,,
4586,磯部誠,A1,全国,9,0.12,0.13,●,,
4587,木田峰由季,A1,全国,0,0.153,0.185,,,●
4588,田中京介,A2,当地,21,0.116,0.17,●,,
4589,塩崎桐加,B1,全国,0,0.161,0.178,,,
4590,渡邉優美,A1,当地,27,0.145,0.157,,,
4592,小林孝弘,B1,全国,6,0.16,0.15,,,
4593,小坂宗司,A2,全国,0,0.163,0.172,,,
4594,谷川祐一,B1,全国,9,0.144,0.187,,,●
4596,葛原大陽,A2,当地,10,0.164,0.184,,,●
4598,加藤政彦,B1,当地,12,0.133,0.204,,,●
4600,井内将太郎,A1,全国,0,0.117,0.129,●,,
4601,森野正弘,A1,全国,8,0.125,0.136,●,,
4603,谷川将太,B1,全国,0,0.145,0.163,,,
4604,岩瀬裕亮,A1,全国,0,0.136,0.153,,,
4607,鶴田勇雄,A2,当地,12,0.155,0.197,,,●
4608,荒井翔伍,A2,当地,19,0.176,0.154,,,
4610,佐藤大佑,A1,当地,11,0.22,0.136,,●,
4611,今井美亜,A1,当地,13,0.141,0.24,,,●
4614,石倉洋行,A1,当地,10,0.133,0.135,,,
4615,板倉敦史,B1,当地,10,0.14,0.206,,,●
4618,乃村康友,B1,全国,6,0.177,0.17,,,
4619,伏田裕隆,B1,全国,9,0.19,0.168,,●,
4623,中北将史,B1,全国,7,0.154,0.174,,,
4624,高田明,A1,全国,8,0.17,0.16,,,
4625,渡邊裕貴,B1,全国,8,0.179,0.173,,,
4626,伊藤紘章,B1,全国,0,0.211,0.233,,●,●
4627,藤原菜希,A2,当地,21,0.124,0.108,●,,
4630,岩永雅人,A2,当地,11,0.148,0.156,,,
4631,新井英孝,B1,全国,9,0.138,0.17,,,
4632,長尾京志郎,B1,全国,0,0.186,0.218,,●,●
4633,森智也,A2,全国,0,0.142,0.209,,,●
4635,峰重力也,A2,当地,19,0.15,0.178,,,
4636,赤池修平,B1,当地,10,0.186,0.244,,●,●
4637,中田友也,A2,全国,0,0.185,0.173,,●,
4638,小林遼太,B1,全国,0,0.165,0.195,,,●
4639,雑賀勇貴,B1,全国,0,0.154,0.176,,,
4640,山ノ内雅人,A2,当地,20,0.152,0.128,,,
4641,磯村匠,B1,全国,0,0.178,0.202,,,●
4642,松尾夏海,A2,当地,57,0.152,0.15,,,
4643,近江翔吾,A2,当地,29,0.109,0.129,●,,
4644,山田亮太,A1,当地,10,0.168,0.113,,,
4645,上村純一,A1,全国,0,0.141,0.143,,,
4648,木村亮太,B1,全国,0,0.17,0.168,,,
4649,和田操拓,B1,全国,0,0.133,0.134,,,
4651,佐藤大騎,B1,全国,0,0.168,0.192,,,●
4652,酒見峻介,B1,全国,0,0.161,0.191,,,●
4653,小野達哉,A1,当地,24,0.146,0.138,,,
4654,篠田優也,A1,全国,8,0.164,0.176,,,
4656,大崎翔,A2,当地,18,0.126,0.151,●,,
4659,木下翔太,A1,当地,15,0.12,0.144,●,,
4660,宇田川信一,B1,全国,0,0.197,0.194,,●,●
4661,中島昂章,A2,全国,7,0.163,0.198,,,●
4663,籾山佳岳,B2,全国,0,0.133,0.217,,,●
4664,東口晃,B1,全国,7,0.187,0.202,,●,●
4665,加藤啓太,B1,全国,0,0.167,0.18,,,
4666,日笠勝弘,B1,全国,0,0.159,0.167,,,
4669,井上茂,B1,全国,0,0.14,0.192,,,●
4672,守屋大地,B1,全国,9,0.194,0.173,,●,
4674,池田剛規,B1,全国,0,0.15,0.148,,,
4675,井手良太,A2,全国,9,0.157,0.125,,,
4676,後藤隼之,A2,全国,0,0.144,0.196,,,●
4677,片橋幸貴,A1,当地,11,0.109,0.142,●,,
4678,水野望美,B1,当地,17,0.146,0.19,,,●
4679,植田太一,A2,全国,2,0.148,0.166,,,
4680,後藤美翼,A2,全国,0,0.206,0.226,,●,●
4681,太田潮,B1,全国,0,0.163,0.194,,,●
4682,大上卓人,A1,当地,12,0.108,0.152,●,,
4683,向井田直弥,B2,全国,8,0.15,0.131,,,
4684,楠原翔太,B1,全国,0,0.172,0.163,,,
4685,島村隆幸,A1,全国,9,0.135,0.157,,,
4686,丸野一樹,A1,全国,0,0.136,0.138,,,
4688,永井彪也,A1,当地,18,0.14,0.102,,,
4689,豊田結,B1,全国,0,0.146,0.167,,,
4690,高石梨菜,B2,全国,0,,,,,
4691,水原慎,B1,全国,9,0.161,0.18,,,
4692,酒井俊弘,B1,全国,9,0.136,0.109,,,
4693,松下誉士,B1,当地,11,0.167,0.188,,,●
4694,高田綾,B1,当地,17,0.172,0.189,,,●
4695,尾崎雄二,A2,当地,16,0.168,0.14,,,
4697,國弘翔平,B1,当地,16,0.147,0.227,,,●
4700,金子和之,A2,当地,10,0.164,0.154,,,
4702,三浦敬太,A1,全国,0,0.145,0.14,,,
4703,森永隆,A1,全国,0,0.157,0.155,,,
4704,河野大,A1,当地,18,0.131,0.151,,,
4705,吉川勇作,B1,当地,13,0.088,0.14,●,,
4706,三浦洋次朗,A2,全国,6,0.163,0.17,,,
4708,半田尚也,B1,全国,0,0.185,0.18,,●,
4709,岡村将也,A2,全国,0,0.143,0.156,,,
4710,福田宗平,A2,当地,10,0.152,0.172,,,
4711,前出達吉,A2,全国,0,0.16,0.163,,,
4713,白神優,A1,全国,0,0.131,0.14,,,
4714,喜多須杏奈,B1,当地,21,0.143,0.137,,,
4715,村上遼,A1,当地,13,0.154,0.174,,,
4718,北川太一,A2,当地,12,0.137,0.117,,,
4719,上條暢嵩,A1,全国,9,0.136,0.14,,,
4720,西澤日花里,B1,全国,0,0.2,0.198,,●,●
4723,寺島吉彦,B1,全国,0,0.193,0.161,,●,
4724,吉田祐貴,B1,全国,7,0.185,0.183,,●,●
4725,佐竹太一,B1,当地,11,0.187,0.184,,●,●
4726,島田なぎさ,B2,全国,0,0.145,0.144,,,
4727,安部慎一,B1,全国,0,0.146,0.161,,,
4728,山口亮,B1,当地,10,0.174,0.228,,,●
4729,佐藤謙史朗,B1,全国,7,0.194,0.187,,●,●
4730,土屋実沙希,B1,全国,9,0.155,0.187,,,●
4731,間野兼礼,B1,全国,0,0.173,0.146,,,
4732,堀本和也,A2,当地,13,0.128,0.116,●,,
4733,赤井睦,B1,当地,27,0.136,0.111,,,
4734,安河内将,A1,当地,22,0.166,0.145,,,
4735,角山雄哉,B1,全国,9,0.149,0.172,,,
4736,高倉和士,A1,当地,10,0.142,0.084,,,
4737,竹井貴史,A1,当地,10,0.158,0.125,,,
4738,清埜翔子,A2,全国,0,0.147,0.167,,,
4739,中村晃朋,A1,当地,50,0.135,0.141,,,
4740,齋藤達希,B1,全国,8,0.146,0.195,,,●
4743,木村仁紀,A1,全国,0,0.14,0.148,,,
4744,伊藤玲奈,B1,全国,4,0.218,0.237,,●,●
4746,大豆生田蒼,B1,当地,11,0.209,0.18,,●,
4747,山戸信二,B1,当地,10,0.202,0.21,,●,●
4748,渡邉雄朗,A1,全国,0,0.146,0.174,,,
4750,井上尚悟,B1,全国,0,0.165,0.164,,,
4752,西尾亮輔,B1,全国,7,0.177,0.189,,,●
4753,森照夫,B2,全国,0,0.121,0.156,●,,
4754,松尾充,A2,全国,0,0.149,0.153,,,
4756,渡邉昌成,B2,全国,0,,,,,
4757,山田祐也,A1,当地,13,0.173,0.127,,,
4758,富樫麗加,B2,全国,0,0.143,0.174,,,
4759,今泉友吾,A1,全国,8,0.163,0.164,,,
4760,山崎郡,A1,全国,0,0.144,0.138,,,
4761,山田晃大,A2,当地,19,0.16,0.131,,,
4762,藤原啓史朗,A1,全国,9,0.131,0.123,,,
4764,小池礼乃,B1,当地,10,0.198,0.176,,●,
4765,野田部宏子,B1,当地,11,0.095,0.144,●,,
4766,石井孝之,B1,全国,0,0.145,0.127,,,
4769,馬場剛,A1,全国,0,0.117,0.121,●,,
4771,下寺秀和,A1,全国,0,0.149,0.17,,,
4772,石丸海渡,A1,当地,52,0.103,0.096,●,,
4773,中川りな,A2,当地,20,0.201,0.218,,●,●
4775,千葉真弥,A2,全国,0,0.144,0.158,,,
4776,竹田和哉,A1,当地,43,0.147,0.142,,,
4778,堤啓輔,B1,全国,6,0.159,0.168,,,
4779,伊倉光,B1,当地,10,0.092,0.145,●,,
4781,西舘果里,B2,全国,0,0.177,0.183,,,●
4782,浜崎準也,B1,当地,20,0.227,0.221,,●,●
4784,向井田真紀,B1,全国,9,0.197,0.216,,●,●
4785,木幡純也,B1,全国,0,0.192,0.211,,●,●
4786,佐藤博亮,A1,当地,10,0.164,0.152,,,
4787,椎名豊,A1,当地,18,0.122,0.129,●,,
4788,小池哲也,A2,全国,0,0.147,0.17,,,
4789,古賀智之,A2,当地,12,0.116,0.117,●,,
4790,柳内敬太,A1,当地,12,0.192,0.155,,●,
4791,黒澤めぐみ,B1,全国,9,0.186,0.209,,●,●
4792,杉村賢也,B1,全国,0,0.127,0.172,●,,
4793,金子萌,A2,全国,0,0.14,0.137,,,
4794,和田拓也,A1,全国,0,0.138,0.124,,,
4796,春園功太,A1,全国,5,0.155,0.138,,,
4797,中山将,A1,全国,9,0.12,0.131,●,,
4798,浜先真範,A1,当地,18,0.141,0.146,,,
4803,飯田庄吾,B1,当地,10,0.202,0.202,,●,●
4804,高田ひかる,A1,全国,0,0.199,0.188,,●,●
4808,松尾拓,A2,全国,9,0.153,0.177,,,
4809,外崎悟,A1,全国,9,0.161,0.16,,,
4811,向井田佑紀,B1,全国,0,0.155,0.166,,,
4812,西野雄貴,A1,全国,9,0.139,0.143,,,
4813,宮内直哉,B1,全国,9,0.179,0.189,,,●
4815,伏島祐介,B1,全国,0,0.206,0.194,,●,●
4816,村松修二,A2,当地,11,0.132,0.148,,,
4817,渡邉翼,A1,当地,11,0.097,0.16,●,,
4818,伏見俊介,B2,全国,0,0.16,0.122,,,
4819,蜂須瑞生,A2,全国,0,0.157,0.187,,,●
4821,妻鳥晋也,B1,当地,38,0.2,0.178,,●,
4822,百武翔,A2,全国,7,0.146,0.194,,,●
4823,中村桃佳,A2,当地,59,0.116,0.14,●,,
4824,松井洪弥,A2,全国,0,0.127,0.125,●,,
4825,倉持莉々,A1,全国,9,0.145,0.14,,,
4826,井上一輝,A1,当地,21,0.148,0.132,,,
4828,松山将吾,A1,当地,19,0.157,0.164,,,
4831,羽野直也,A1,全国,0,0.139,0.156,,,
4832,権藤俊光,A1,当地,10,0.186,0.166,,●,
4834,浜本裕己,A2,当地,12,0.148,0.17,,,
4835,橋本明,B1,当地,10,0.126,0.172,●,,
4836,大谷健太,B1,当地,12,0.162,0.118,,,
4837,酒井陽祐,B1,全国,8,0.159,0.16,,,
4839,四宮与寛,A2,当地,11,0.163,0.16,,,
4840,鈴木秀茉,B1,全国,0,0.142,0.173,,,
4842,山下昂大,A2,当地,10,0.13,0.16,●,,
4843,深尾巴恵,B1,当地,11,0.173,0.19,,,●
4844,村上奈穂,B1,全国,9,0.158,0.199,,,●
4845,前田紗希,A1,当地,16,0.098,0.157,●,,
4846,佐藤駿介,B1,全国,6,0.15,0.181,,,●
4847,佐藤隆太郎,A1,当地,16,0.166,0.209,,,●
4848,仲谷颯仁,A1,全国,9,0.143,0.149,,,
4850,野中一平,A2,全国,9,0.117,0.113,●,,
4851,関浩哉,A1,全国,9,0.139,0.119,,,
4852,川原祐明,A1,当地,48,0.153,0.162,,,
4853,前原哉,B1,当地,16,0.177,0.219,,,●
4854,大橋由珠,B2,全国,9,0.206,0.154,,●,
4856,豊田健士郎,A1,全国,0,0.134,0.144,,,
4857,加藤翔馬,A1,全国,0,0.149,0.176,,,
4861,田中宏樹,A2,全国,9,0.157,0.179,,,
4863,三浦裕貴,B1,全国,0,0.164,0.16,,,
4864,小川日紀太,B1,当地,10,0.13,0.084,●,,
4865,立具敬司,B2,全国,0,0.153,0.191,,,●
4866,橋本英一,B1,全国,0,0.155,0.183,,,●
4871,菊池宏志,B1,全国,0,0.164,0.172,,,
4872,山下流心,B1,当地,20,0.154,0.186,,,●
4873,蒲原健太,B1,当地,11,0.173,0.188,,,●
4874,池田奈津美,B1,当地,18,0.143,,,,
4875,大塚康雅,B1,全国,0,0.178,0.186,,,●
4876,梅木敬太,B1,全国,0,0.174,0.167,,,
4877,鈴谷一平,A1,全国,0,0.141,0.146,,,
4878,西岡育未,B1,当地,10,0.218,0.138,,●,
4879,山崎鉄平,B1,全国,0,0.174,0.168,,,
4880,澤崎雄哉,B1,全国,0,0.162,0.182,,,●
4882,瀧川千依,B2,全国,0,0.211,0.265,,●,●
4883,岡部大輝,A2,当地,18,0.191,0.181,,●,●
4884,勝浦真帆,B2,全国,0,0.11,0.144,●,,
4885,大山千広,A2,全国,0,0.142,0.157,,,
4886,入海馨,A2,全国,9,0.132,0.156,,,
4887,富澤祐作,B1,全国,0,0.132,0.132,,,
4888,金児隆太,B1,全国,0,0.207,0.174,,●,
4889,後藤盛也,B1,全国,0,0.133,0.131,,,
4890,石川諒,A2,全国,8,0.141,0.134,,,
4891,寺島美里,B1,全国,8,0.146,0.171,,,
4892,柴田直哉,B1,全国,0,0.162,0.217,,,●
4893,渡邉真奈美,B1,当地,10,0.17,0.16,,,
4894,原村拓也,B1,当地,47,0.207,0.195,,●,●
4895,門間雄大,A2,全国,3,0.154,0.146,,,
4896,花本剛,B1,当地,18,0.202,0.153,,●,
4897,深見亜由美,B1,当地,11,0.222,0.16,,●,
4898,菊地敬介,B1,全国,0,0.156,0.157,,,
4899,占部一真,B1,当地,10,0.136,0.128,,,
4900,中田夕貴,B1,当地,23,0.153,0.177,,,
4901,出口舞有子,B1,全国,0,0.175,0.157,,,
4902,山川雄大,B1,全国,0,0.192,0.199,,●,●
4903,吉田凌太朗,A1,当地,10,0.182,0.08,,●,
4904,松本一毅,B1,全国,0,0.17,0.177,,,
4905,土井祥伍,B1,全国,8,0.202,0.215,,●,●
4906,鈴木雅希,A2,全国,0,0.17,0.18,,,
4907,小池修平,A1,全国,9,0.147,0.143,,,
4908,上田龍星,A1,全国,0,0.133,0.169,,,
4909,薮内瑞希,B1,当地,10,0.188,0.206,,●,●
4910,中村泰平,A1,当地,19,0.122,0.116,●,,
4911,片岡大地,A2,当地,10,0.164,0.122,,,
4914,吉田裕平,A1,全国,9,0.108,0.134,●,,
4917,岩橋裕馬,B1,全国,0,0.173,0.163,,,
4918,川島拓郎,B1,全国,0,0.144,0.164,,,
4919,吉田翔悟,B1,全国,0,0.164,0.197,,,●
4924,中北涼,B1,当地,18,0.144,0.229,,,●
4925,森悠稀,A2,当地,26,0.132,0.161,,,
4926,吉川貴仁,A1,全国,7,0.159,0.153,,,
4927,関野文,A2,当地,21,0.147,0.204,,,●
4928,栗城匠,A1,全国,8,0.149,0.142,,,
4930,佐藤悠,A2,全国,0,0.143,0.17,,,
4931,木谷賢太,A1,当地,69,0.134,0.161,,,
4932,新開航,A1,全国,8,0.142,0.157,,,
4933,板橋侑我,A2,当地,11,0.177,0.075,,,
4934,佐々木翔斗,A2,当地,22,0.154,0.22,,,●
4936,戸敷晃美,A2,全国,9,0.153,0.159,,,
4938,小芦るり華,A1,当地,28,0.107,0.179,●,,
4939,宮之原輝紀,A1,全国,0,0.142,0.137,,,
4940,白石有美,B2,全国,0,0.165,0.19,,,●
4941,孫崎百世,B1,全国,6,0.205,0.205,,●,●
4942,柴田朋哉,B1,当地,12,0.163,0.192,,,●
4943,八木治樹,B1,全国,0,0.149,0.143,,,
4944,田代達也,B1,全国,7,0.17,0.181,,,●
4945,上村宏太,B1,全国,9,0.194,0.163,,●,
4947,間庭菜摘,B1,当地,11,0.192,0.172,,●,
4948,木場悠介,B1,当地,10,0.138,0.19,,,●
4949,横田貴満,A2,全国,6,0.15,0.168,,,
4950,高岡竜也,A1,全国,8,0.159,0.168,,,
4951,新田洋一,B1,全国,7,0.15,0.134,,,
4952,吉武真也,B1,全国,0,0.164,0.207,,,●
4953,尾上雅也,A1,全国,0,0.167,0.154,,,
4954,内山峻輔,B1,全国,0,0.17,0.195,,,●
4956,齊藤大将,B1,全国,7,0.161,0.191,,,●
4957,竹之内極,B1,全国,0,0.171,0.171,,,
4958,溝口海義也,A1,全国,0,0.136,0.13,,,
4959,井上忠政,A1,全国,9,0.154,0.143,,,
4960,黒野元基,A1,全国,0,0.144,0.135,,,
4961,西橋奈未,A1,全国,8,0.14,0.154,,,
4962,畑竜生,A2,全国,0,0.166,0.163,,,
4963,實森美祐,A1,全国,9,0.14,0.165,,,
4964,土屋南,A2,全国,0,0.145,0.146,,,
4965,福岡泉水,B1,全国,9,0.201,0.172,,●,
4966,田川大貴,B1,当地,12,0.14,0.185,,,●
4967,中村魁生,A1,当地,13,0.158,0.117,,,
4969,町田洸希,B1,当地,10,0.174,0.184,,,●
4973,栗原直也,B1,全国,6,0.153,0.179,,,
4974,安井瑞紀,A2,当地,11,0.196,0.152,,●,
4976,金山立樹,B1,全国,0,0.196,0.205,,●,●
4977,馬野耀,A2,全国,9,0.164,0.15,,,
4978,山田和佐,B1,当地,18,0.151,0.187,,,●
4979,中野夢斗,B1,全国,0,0.164,0.166,,,
4980,佐々木完太,A1,全国,0,0.147,0.171,,,
4981,牧山敦也,B1,当地,14,0.166,0.193,,,●
4982,中村将隆,B1,全国,7,0.132,0.174,,,
4983,前田篤哉,A1,全国,0,0.147,0.147,,,
4984,森下愛梨,B1,当地,19,0.197,0.26,,●,●
4985,井本昌也,A1,全国,7,0.137,0.153,,,
4987,島倉都,B1,全国,0,0.162,0.194,,,●
4988,牟田奨太,B1,当地,11,0.112,0.14,●,,
4989,石原翼,A2,全国,8,0.147,0.154,,,
4990,田中博子,B2,全国,0,0.215,0.207,,●,●
4991,宗行治哉,A1,全国,0,0.163,0.19,,,●
4992,廣瀬篤哉,B1,全国,0,0.159,0.158,,,
4994,山本梨菜,A2,当地,20,0.152,0.19,,,●
4995,田邉亮蔵,B1,当地,12,0.216,0.136,,●,
4997,濱崎寿里矢,B2,当地,10,0.132,0.212,,,●
4998,中村かなえ,B2,全国,0,0.138,0.141,,,
5000,岡本翔太郎,B1,当地,10,0.084,0.154,●,,
5002,上田健太,A2,当地,10,0.172,0.138,,,
5003,来田衣織,B1,当地,26,0.152,0.15,,,
5004,河野主樹,A2,全国,0,0.143,0.163,,,
5005,石田貴洋,A1,全国,6,0.152,0.147,,,
5006,久保原秀人,B1,全国,0,0.202,0.199,,●,●
5007,近藤雄一郎,B1,全国,9,0.16,0.199,,,●
5008,羽野諒,B1,全国,8,0.153,0.147,,,
5009,大賀龍之介,A2,全国,0,0.162,0.16,,,
5010,宇留田翔平,A2,全国,0,0.133,0.143,,,
5011,高木圭大,B1,全国,7,0.144,0.159,,,
5012,加倉侑征,B1,当地,22,0.108,0.14,●,,
5013,山下夏鈴,B1,当地,11,0.19,0.15,,●,
5014,梶山涼斗,B1,当地,18,0.126,0.143,●,,
5015,高橋竜矢,A1,当地,16,0.116,0.162,●,,
5016,宮田龍馬,A1,全国,0,0.139,0.149,,,
5017,澤田尚也,A1,全国,3,0.126,0.137,●,,
5018,竹下大樹,A1,当地,21,0.146,0.151,,,
5019,柴田百恵,B1,全国,8,0.168,0.166,,,
5020,宮村勇哉,B1,全国,0,0.165,0.187,,,●
5022,伊藤尚汰,B1,全国,0,0.18,0.183,,,●
5023,久永祥平,A2,全国,0,0.144,0.174,,,
5026,安河内健,A1,当地,10,0.19,0.112,,●,
5027,重冨勇哉,B1,当地,20,0.168,0.119,,,
5028,原田才一郎,A1,当地,11,0.09,0.193,●,,●
5029,中亮太,A1,当地,12,0.168,0.15,,,
5030,金子千穂,B2,全国,0,,,,,
5031,渡辺空依,B1,当地,17,0.146,0.211,,,●
5032,谷口知優,A2,当地,53,0.137,0.141,,,
5033,藤原孝斗,B1,全国,8,0.17,0.183,,,●
5034,若林義人,A1,全国,0,0.116,0.14,●,,
5035,櫻井優,A2,全国,4,0.174,0.163,,,
5036,福田翔吾,B1,全国,0,0.184,0.167,,●,
5037,田頭虎親,B1,当地,44,0.169,0.194,,,●
5038,金田智博,A2,全国,0,0.172,0.159,,,
5039,倉田茂将,B1,全国,0,0.165,0.151,,,
5041,荒牧凪沙,B1,全国,7,0.187,0.199,,●,●
5042,畑田汰一,A1,全国,0,0.111,0.127,●,,
5043,中村日向,A1,当地,45,0.138,0.14,,,
5044,渡邉健,B1,当地,23,0.153,0.12,,,
5045,平川香織,A2,当地,11,0.212,0.198,,●,●
5046,松山裕基,B1,当地,11,0.162,0.165,,,
5047,國分将太郎,B1,当地,15,0.199,0.189,,●,●
5048,眞鳥康太,B1,当地,10,0.15,0.22,,,●
5049,松井友汰,A2,全国,0,0.18,0.199,,,●
5050,木下雄介,A2,全国,9,0.173,0.168,,,
5051,松本純平,A1,全国,0,0.156,0.157,,,
5052,赤井星璃菜,B1,当地,10,0.136,0.136,,,
5053,山口広樹,B1,全国,0,0.158,0.181,,,●
5054,佐々木大河,A1,当地,13,0.136,0.143,,,
5055,眞鳥章太,A2,当地,11,0.151,0.218,,,●
5056,西岡成美,B2,全国,0,,,,,
5057,上田紗奈,B1,全国,6,0.153,0.167,,,
5058,前原大道,A1,当地,12,0.132,0.19,,,●
5060,数原魁,A2,当地,13,0.179,0.182,,,●
5061,中村駿平,B1,全国,6,0.17,0.178,,,
5063,大塚雅治,B1,全国,9,0.209,0.209,,●,●
5064,品川二千翔,A1,全国,9,0.163,0.166,,,
5065,伊久間陽優,A2,当地,10,0.124,0.052,●,,
5066,鈴木孝明,A1,全国,7,0.173,0.164,,,
5067,山田真聖,B1,当地,12,0.102,0.173,●,,
5068,前田滉,A1,当地,10,0.113,0.155,●,,
5069,山崎小葉音,B1,全国,9,0.157,0.193,,,●
5070,中島航,B1,全国,9,0.202,0.241,,●,●
5071,野見山拓己,B1,全国,0,0.117,0.148,●,,
5072,吉田杏美,B2,全国,0,0.233,0.191,,●,●
5073,上原健次郎,A2,全国,0,0.195,0.174,,●,
5074,大澤誠也,B1,全国,0,0.176,0.19,,,●
5075,中島秀治,A2,全国,0,0.163,0.155,,,
5076,石原光,B1,全国,0,0.168,0.17,,,
5077,滝沢崚,B1,全国,0,0.184,0.181,,●,●
5078,山川波乙,B1,当地,14,0.203,0.143,,●,
5079,大石真央,B1,全国,8,0.167,0.179,,,
5081,篠原飛翔,A2,当地,17,0.219,0.17,,●,
5082,一色凌雅,B1,全国,7,0.184,0.185,,●,●
5083,柳瀬幹太,B1,全国,0,0.178,0.156,,,
5084,末永和也,A1,全国,9,0.126,0.136,●,,
5085,中村栄治,A2,全国,0,0.208,0.229,,●,●
5086,本村大,B1,全国,9,0.197,0.204,,●,●
5087,佐藤航,A1,当地,10,0.142,0.117,,,
5088,高憧四季,A1,当地,19,0.167,0.163,,,
5089,前田翔,A1,当地,19,0.156,0.178,,,
5090,生方靖亜,B1,全国,0,0.12,0.17,●,,
5091,為本智也,B1,全国,8,0.177,0.159,,,
5092,篠原晟弥,A2,全国,0,0.129,0.134,●,,
5093,浦野海,B2,当地,18,0.127,0.187,●,,●
5095,小原聡将,A2,全国,9,0.158,0.146,,,
5096,上原崚,A2,全国,0,0.149,0.163,,,
5098,大江純,B1,全国,9,0.149,0.149,,,
5100,栗原一馬,B1,全国,0,0.163,0.187,,,●
5101,表健太,B1,全国,0,0.178,0.191,,,●
5102,原田雄次,B1,当地,22,0.188,0.235,,●,●
5103,芝田京介,B2,全国,9,0.181,0.206,,●,●
5104,山田丈,A2,全国,0,0.141,0.178,,,
5105,富田恕生,B1,全国,9,0.185,0.179,,●,
5106,山崎祥,A2,当地,12,0.151,0.175,,,
5107,松本真広,B1,全国,0,0.166,0.161,,,
5108,柴田愛梨,B2,全国,0,0.243,0.26,,●,●
5109,川崎智稔,B1,当地,13,0.133,0.091,,,
5110,杉山喜一,B1,当地,11,0.106,0.132,●,,
5111,三村岳人,A2,全国,0,0.169,0.14,,,
5112,砂長知輝,A1,当地,15,0.117,0.158,●,,
5113,黒明花夢,B2,全国,0,0.197,0.175,,●,
5114,小林孝彰,B1,当地,11,0.14,0.178,,,
5115,香川颯太,B1,全国,4,0.141,0.178,,,
5117,冨名腰桃奈,B1,当地,10,0.198,0.204,,●,●
5118,野田なづき,A2,全国,9,0.18,0.181,,,●
5120,山本稔太朗,B1,当地,10,0.122,0.157,●,,
5121,定松勇樹,A1,全国,0,0.141,0.123,,,
5122,相馬翔,B1,全国,0,0.147,0.199,,,●
5123,福山恵里奈,B1,当地,16,0.126,0.199,●,,●
5124,上瀧絢也,B1,当地,20,0.147,0.156,,,
5125,高井雄基,A2,当地,20,0.125,0.155,●,,
5126,山下大輝,A1,全国,0,0.146,0.162,,,
5127,沼田大都,B1,全国,7,0.199,0.252,,●,●
5128,坪井爽佑,B1,全国,3,0.183,0.19,,●,●
5129,山口真喜子,A2,当地,15,0.191,0.155,,●,
5130,上野拓馬,B1,全国,0,0.173,0.186,,,●
5131,江藤敦宏,B1,全国,9,0.19,0.164,,●,
5132,中野希一,A1,当地,14,0.129,0.148,●,,
5133,堀越雄貴,B1,全国,0,0.216,0.22,,●,●
5134,大原祥昌,A2,当地,20,0.137,0.144,,,
5135,仲航太,B1,全国,0,0.148,0.221,,,●
5136,濱野斗馬,A1,当地,50,0.15,0.155,,,
5137,川原涼,A2,全国,0,0.175,0.158,,,
5138,村本大成,B1,全国,0,0.195,0.183,,●,●
5139,大場恒季,A1,当地,13,0.151,0.13,,,
5140,吉田彩乃,B1,当地,10,0.222,0.238,,●,●
5141,大澤風葵,A1,当地,12,0.167,0.102,,,
5142,常住蓮,A1,全国,0,0.147,0.151,,,
5143,常盤海心,B1,当地,33,0.206,0.192,,●,●
5144,中尾彩香,B1,全国,9,0.173,0.163,,,
5145,島川海輝,A2,当地,19,0.139,0.181,,,●
5146,野田彩加,A2,当地,16,0.165,0.172,,,
5147,田中勇輔,B1,全国,9,0.14,0.145,,,
5148,松本怜,B1,当地,18,0.201,0.177,,●,
5150,坂本雄紀,A1,当地,20,0.15,0.087,,,
5151,山下奈緒,B1,全国,0,0.204,0.262,,●,●
5152,丸山祐也,B1,当地,15,0.199,0.241,,●,●
5153,佐藤ほのか,B1,当地,17,0.177,0.173,,,
5154,村松栄太,B1,当地,19,0.18,0.14,,,
5155,内山七海,A2,当地,16,0.161,0.184,,,●
5156,坂野さくら,B1,全国,9,0.175,0.166,,,
5157,市川健太,B1,当地,19,0.146,0.157,,,
5158,宮脇遼太,A1,当地,11,0.137,0.185,,,●
5160,藤森陸斗,A2,全国,0,0.153,0.144,,,
5161,登玉隼百,A2,全国,7,0.146,0.149,,,
5162,松尾怜実,B2,全国,8,0.166,0.196,,,●
5163,清水愛海,A1,当地,29,0.168,0.153,,,
5164,森田梨湖,B2,全国,0,0.215,0.24,,●,●
5165,小林愛実,B1,当地,10,0.148,0.126,,,
5166,仲道大輔,A2,全国,2,0.158,0.167,,,
5167,小川竜太朗,B1,全国,0,0.168,0.146,,,
5169,堀本翔太,B2,全国,0,0.195,0.191,,●,●
5170,佐藤太亮,B1,全国,9,0.156,0.141,,,
5171,清水未唯,B2,全国,6,,,,,
5172,田村慶,B1,当地,19,0.24,0.181,,●,●
5173,谷口佳蓮,B1,当地,75,0.134,0.179,,,
5174,川井萌,B2,当地,10,0.215,0.162,,●,
5175,島崎丈一朗,B1,全国,0,0.173,0.196,,,●
5176,石倉拓美,B2,全国,7,0.186,0.152,,●,
5177,松井貫太,B1,全国,0,0.194,0.203,,●,●
5178,成貞琳平,B1,当地,10,0.215,0.218,,●,●
5179,藤本元輝,B1,全国,0,0.169,0.211,,,●
5180,藤本紗弥香,B2,全国,0,0.209,0.216,,●,●
5181,森智哉,B1,全国,9,0.168,0.161,,,
5182,宮崎安奈,B1,全国,8,0.145,0.129,,,
5183,中野孝二,B1,全国,0,0.144,0.19,,,●
5184,飯塚響,B2,全国,7,0.22,0.197,,●,●
5185,加藤優弥,B1,当地,10,0.094,0.146,●,,
5186,遠藤圭吾,B1,全国,9,0.193,0.189,,●,●
5187,小坂風太,B2,全国,0,0.206,0.221,,●,●
5188,武井莉里佳,A2,当地,18,0.166,0.181,,,●
5189,藤原早菜,A2,全国,0,0.207,0.187,,●,●
5190,大月遊雅,B1,全国,9,0.172,0.179,,,
5191,飛田江己,A1,当地,10,0.065,0.087,●,,
5192,中尾優香,B1,当地,25,0.186,0.182,,●,●
5193,米丸乃絵,A1,当地,18,0.139,0.2,,,●
5194,大久保佑香,B1,全国,7,0.177,0.177,,,
5195,北村寧々,A2,当地,19,0.125,0.142,●,,
5196,鰐部太空海,A1,全国,0,0.15,0.143,,,
5197,中野仁照,B2,全国,0,0.139,0.143,,,
5198,奥村明日香,B1,当地,18,0.184,0.178,,●,
5199,垂水悠,B1,全国,9,0.106,0.108,●,,
5200,筒井美琴,B2,全国,9,0.202,0.194,,●,●
5201,村上宗太郎,B2,全国,9,0.215,0.21,,●,●
5203,神里琴音,B1,当地,20,0.139,0.132,,,
5204,宇恵有香,B2,全国,0,0.203,0.152,,●,
5205,刑部亜里紗,A2,当地,19,0.154,0.183,,,●
5206,梅原祥平,B1,全国,0,0.153,0.152,,,
5207,高山敬悟,B1,当地,11,0.15,0.113,,,
5208,屋良龍紀,B1,全国,6,0.15,0.156,,,
5209,小野京平,B1,全国,0,0.204,0.204,,●,●
5210,藤井公人,A2,全国,0,0.141,0.161,,,
5211,高井駿弥,B1,全国,9,0.174,0.158,,,
5212,西川拓利,A2,全国,0,0.133,0.137,,,
5213,湯淺紀香,B1,当地,17,0.174,0.188,,,●
5214,田中宏典,B1,当地,14,0.206,0.164,,●,
5215,石丸小槙,B2,全国,0,,,,,
5216,長谷川晴哉,A1,当地,11,0.175,0.144,,,
5217,藤原碧生,A1,全国,0,0.133,0.152,,,
5218,山田理央,A1,当地,62,0.142,0.139,,,
5219,森口和紀,B1,全国,8,0.201,0.193,,●,●
5220,青木蓮,A2,全国,9,0.125,0.114,●,,
5221,竹間隆晟,A1,当地,23,0.176,0.12,,,
5222,津田陸翔,A1,当地,20,0.17,0.157,,,
5223,森清友翔,B1,全国,0,0.148,0.17,,,
5224,西岡顕心,A1,当地,61,0.133,0.132,,,
5226,藤田俊祐,B1,全国,8,0.151,0.171,,,
5227,川原愛未,B2,全国,0,,,,,
5228,若林樹蘭,A2,全国,0,0.176,0.171,,,
5229,吉川晴人,A2,全国,0,0.173,0.163,,,
5230,石原凪紗,B1,当地,17,0.226,0.21,,●,●
5231,寺田空詩,B1,全国,0,0.159,0.185,,,●
5232,樅山拓馬,B1,全国,0,0.169,0.157,,,
5234,塚越海斗,A1,当地,10,0.117,0.189,●,,●
5235,岩田凌,B2,全国,0,0.172,0.161,,,
5236,小宮涼雅,B1,全国,0,0.153,0.181,,,●
5237,永松良教,B2,当地,10,0.112,0.142,●,,
5238,笹木香吾,A2,全国,0,0.156,0.136,,,
5239,上野俊樹,B1,全国,0,0.174,0.166,,,
5240,高橋龍治,B1,全国,0,0.159,0.169,,,
5241,門田栞,B1,当地,56,0.18,0.129,,,
5242,高山弘斗,B1,全国,0,0.175,0.173,,,
5243,三馬崇史,B1,当地,10,0.107,0.137,●,,
5244,黒田剛,B1,全国,6,0.144,0.177,,,
5245,倉富大誠,B1,全国,6,0.188,0.171,,●,
5246,楠将太郎,A2,全国,0,0.178,0.172,,,
5247,大森翼,B1,全国,8,0.191,0.172,,●,
5248,本田愛,B1,全国,0,0.207,0.189,,●,●
5249,三木晴斗,B1,当地,22,0.131,0.139,,,
5250,嶋田有里,B1,全国,0,0.181,0.192,,●,●
5251,沼田七華,B2,全国,7,0.147,0.184,,,●
5252,荒木颯斗,A2,当地,13,0.129,0.118,●,,
5253,藤井太雅,B2,全国,0,0.257,0.273,,●,●
5254,羽田妃希,B1,全国,0,0.238,0.213,,●,●
5255,藤原仙二,A1,当地,31,0.161,0.179,,,
5256,中山翔太,A1,全国,0,0.135,0.134,,,
5257,西丸侑太朗,A1,当地,84,0.149,0.155,,,
5258,仲本舜,B1,全国,9,0.139,0.17,,,
5259,野田昇吾,B2,全国,0,0.178,0.178,,,
5261,岡暢祐,B1,当地,10,0.162,0.155,,,
5262,鈴木章司,B1,全国,9,0.171,0.211,,,●
5263,花田凱成,B1,全国,8,0.162,0.181,,,●
5264,登みひ果,B1,当地,18,0.147,0.183,,,●
5265,大廣咲季,B1,当地,61,0.149,0.165,,,
5266,石田勇斗,B1,全国,0,0.147,0.156,,,
5267,石本裕武,A1,当地,11,0.141,0.163,,,
5268,山本幸也,B1,全国,6,0.177,0.214,,,●
5269,山口晃朋,A2,全国,9,0.155,0.157,,,
5270,小玉啓太,B1,全国,0,0.147,0.153,,,
5271,杉山太陽,B1,全国,9,0.179,0.209,,,●
5272,松田真実,B1,当地,19,0.181,0.187,,●,●
5273,山下拓巳,B1,全国,9,0.162,0.186,,,●
5274,城間盛渚,B1,全国,0,0.179,0.191,,,●
5275,松田淳平,A1,全国,3,0.139,0.12,,,
5276,大島隆乃介,B1,当地,15,0.117,0.129,●,,
5277,井上未都,B1,全国,0,0.145,0.155,,,
5278,田中駿兵,A1,当地,16,0.108,0.151,●,,
5279,石渡翔一郎,B1,全国,6,0.162,0.16,,,
5280,廣瀬凜,A1,当地,10,0.122,0.155,●,,
5281,井上遥妃,A1,当地,27,0.13,0.118,●,,
5282,中本大樹,B1,当地,16,0.13,0.177,●,,
5283,植木美帆,B2,全国,0,0.21,0.225,,●,●
5284,嘉手苅徹哉,B2,全国,7,0.15,0.207,,,●
5285,若林麗,B1,全国,0,0.182,0.191,,●,●
5286,坂井滉哉,B1,全国,9,0.16,0.159,,,
5287,滝沢織寧,B1,当地,10,0.166,0.1,,,
5288,尾道佳諭,B1,全国,9,0.165,0.175,,,
5289,佃來紀,A2,当地,17,0.121,0.142,●,,
5290,坂本一真,B1,全国,8,0.163,0.173,,,
5291,三嶌こころ,B1,当地,50,0.154,0.218,,,●
5292,佐藤右京,B1,全国,7,0.221,0.236,,●,●
5293,眞崎武蔵,B1,全国,0,0.221,0.193,,●,●
5294,豊田祥生,B1,全国,0,0.156,0.185,,,●
5295,田上凜,B1,当地,35,0.152,0.142,,,
5296,永田楽,B1,全国,9,0.225,0.209,,●,●
5297,南彩寧,B1,全国,0,0.212,0.229,,●,●
5298,水谷理人,A1,当地,65,0.137,0.145,,,
5299,西丸敦基,A2,当地,44,0.151,0.117,,,
5300,横田海人,B1,全国,0,0.191,0.171,,●,
5301,岩下巧斗,B1,全国,0,0.152,0.156,,,
5302,秋末秦悟,B1,全国,3,0.158,0.194,,,●
5303,土井歩夢,A2,全国,0,0.187,0.187,,●,●
5304,井田涼介,B2,全国,0,0.222,0.207,,●,●
5305,伊藤栞,B1,全国,8,0.2,0.167,,●,
5306,河内悠利杏,B1,全国,0,0.198,0.186,,●,●
5307,富永夏哉人,B1,全国,8,0.192,0.188,,●,●
5308,藤森拓海,B1,当地,17,0.191,0.168,,●,
5309,森雄利,B1,当地,10,0.14,0.135,,,
5310,土屋蘭,B1,当地,11,0.147,0.154,,,
5311,小林京平,B1,当地,10,0.205,0.23,,●,●
5312,川辺郭人,B1,全国,7,0.167,0.167,,,
5313,鈴木唯央,B1,全国,10,0.14,0.17,,,
5314,中曽瑠華,B1,全国,0,0.171,0.2,,,●
5315,浅井翼,B2,当地,24,0.184,0.147,,●,
5316,村松将平,B1,全国,0,0.155,0.149,,,
5317,長尾萌加,B1,当地,17,0.121,0.101,●,,
5318,河内一馬,B1,全国,9,0.177,0.17,,,
5319,近藤颯斗,B1,全国,0,0.139,0.129,,,
5320,岩崎麗子,B1,全国,0,0.193,0.167,,●,
5321,一色颯輝,B1,全国,0,0.194,0.204,,●,●
5322,根岸真優,B1,全国,0,0.202,0.181,,●,●
5323,香川陽太,B2,全国,0,0.181,0.176,,●,
5324,畑田希咲,B1,全国,0,0.2,0.213,,●,●
5325,澁川夏,B1,当地,20,0.094,0.137,●,,
5326,三嶌さらら,B1,当地,77,0.175,0.158,,,
5327,西田和加,B2,当地,15,0.147,0.215,,,●
5328,井上慧人,B1,当地,16,0.207,0.161,,●,
5329,金子龍斗,B1,全国,10,0.143,0.181,,,●
5330,安河内鈴之介,A2,当地,11,0.145,0.168,,,
5331,佐藤永梧,B1,全国,0,0.155,0.15,,,
5332,村松遥輝,B1,全国,0,0.169,0.151,,,
5333,山下智己,B2,全国,0,0.205,0.202,,●,●
5334,樫葉新心,B1,当地,10,0.158,0.162,,,
5335,森陽多,B1,当地,26,0.192,0.159,,●,
5336,瀬川大地,B1,全国,3,0.136,0.169,,,
5337,出畑孝成,B1,全国,0,0.31,0.198,,●,●
5338,香月大輝,B1,全国,0,0.15,0.163,,,
5339,石井伸長,B1,当地,43,0.186,0.174,,●,
5340,樋江井舞,B1,当地,17,0.215,0.139,,●,
5341,山道諄也,B1,全国,0,0.178,0.187,,,●
5342,原村百那,B2,全国,0,,0.168,,,
5343,小林礼央,B1,全国,9,,0.158,,,
5344,谷口丞,B1,当地,11,0.146,0.118,,,
5345,牧村俊輝,B1,全国,9,0.178,0.209,,,●
5346,中村紋夕梨,B1,全国,0,0.18,0.217,,,●
5347,井澤聖奈,B2,全国,0,0.55,0.208,,●,●
5348,小林甘寧,B1,全国,9,0.215,0.16,,●,
5349,宮崎奏磨,B2,全国,0,,0.194,,,●
5350,網代良芽,B1,全国,5,0.139,0.15,,,
5351,齊藤廉,B1,全国,0,0.165,0.151,,,
5352,西岡蒼志,B1,当地,28,0.179,0.145,,,
5353,草川壮良,B1,全国,0,0.11,0.175,●,,
5354,渡邊雄斗,B1,全国,0,,0.192,,,●
5355,萩原丈太朗,B1,全国,0,0.175,0.165,,,
5356,長谷川暖,B1,全国,0,0.131,0.163,,,
5357,田中瀬里奈,B2,全国,0,0.243,0.167,,●,
5358,増本杏珠,B2,当地,14,0.205,0.176,,●,
5359,佐藤世那,B1,当地,20,0.171,0.144,,,
5360,高木茉白,B1,全国,6,0.181,0.165,,●,
5361,植竹玲奈,B1,全国,9,0.239,0.228,,●,●
5362,中嶋世奈,B2,全国,0,0.264,0.219,,●,●
5363,山本凱立,B2,全国,23,0.13,0.182,●,,●
5364,金子怜央,B1,全国,0,,0.171,,,
5365,石村日奈那,B1,全国,9,,0.193,,,●
5366,塩嶋泰空,B2,全国,0,0.09,0.19,●,,●
5367,赤松咲香,B2,全国,8,,0.192,,,●
5368,宮崎心之介,B1,当地,19,0.155,0.18,,,
5369,岡崎凪汰,B1,全国,8,0.164,0.165,,,
5370,日隈茜,B2,全国,8,,0.192,,,●
5371,早川颯太,B2,全国,0,,0.216,,,●
5372,上岡巧汰,B2,全国,9,,0.15,,,
5373,諏訪玲奈,B2,全国,2,,0.203,,,●
5374,木山大聖,B1,全国,0,,0.155,,,
5375,庄島潤成,B1,全国,0,,0.186,,,●
5376,吉田一心,B1,全国,0,0.156,0.179,,,
5377,鳥居塚嶺王,B1,全国,0,,0.176,,,
5378,鈴木結平太,B2,全国,0,,0.21,,,●
5379,廣部大明,B1,全国,8,0.219,0.184,,●,●
5380,野田亜湖,B2,全国,8,,0.281,,,●
5381,有山望,B1,全国,15,0.095,0.179,●,,
5382,山下心一,B1,全国,9,0.17,0.168,,,
5383,中村楓,B1,全国,0,,0.176,,,
5384,八戸琉楓,B2,全国,0,0.242,0.222,,●,●
5385,鈴木柊介,B1,全国,0,,0.144,,,
5386,米玉利大悟,B1,当地,16,0.21,0.176,,●,
5387,戸田海咲音,B2,全国,9,,0.2,,,●
5388,佐野優都,B1,全国,0,0.1,0.142,●,,
5389,恵良琴美,B1,全国,9,,0.192,,,●
5390,高橋涼夏,B2,全国,8,,0.168,,,
5391,出穂和鼓,B2,全国,0,,0.228,,,●
5392,安武一也,B2,全国,10,,0.186,,,●
5393,藤原駿,B2,全国,10,,0.228,,,●
5394,福西広太郎,B1,全国,0,,0.185,,,●
5395,日高龍之介,B1,全国,19,,0.192,,,●
5396,近藤来希,B2,全国,6,,0.202,,,●
5397,寺田夢生,B2,全国,0,,0.18,,,
5398,鐘ヶ江真司,B1,全国,9,0.159,0.197,,,●
5399,長野未来,B2,全国,0,,0.243,,,●
5400,高村諒,B2,全国,3,,0.185,,,●
5401,谷海夏人,B2,全国,0,,0.209,,,●
5402,塚越陸斗,B2,全国,0,,0.2,,,●
5403,藤山湧太,B2,全国,9,,0.203,,,●
5404,内田壮,B1,全国,9,,0.201,,,●
5405,竹内来,B1,全国,0,0.24,0.193,,●,●
5406,小畑楓夏,B2,全国,19,,0.172,,,
5407,中岡駿,B1,全国,43,,0.191,,,●
5409,宮本琉正,B2,全国,9,,0.157,,,
5410,今泉澪,B2,全国,0,,0.162,,,
5411,木下虎之輔,B2,全国,0,,0.188,,,●
5412,久保田凪紗,B2,全国,6,,0.198,,,●
5413,宮城那菜,B2,全国,15,,0.143,,,
5414,中澤英里,B2,全国,0,,,,,
5415,阿部未侑,B2,全国,0,,0.242,,,●
5416,龍田真白,B1,全国,0,,0.146,,,
5417,小柳勝希,B1,全国,8,0.11,0.199,●,,●
5418,堀内亜海,B2,全国,9,,0.197,,,●
5419,櫻井隼,B1,全国,0,,0.24,,,●
5420,吉原快誓,B2,全国,10,,0.173,,,
5421,原田朱理,B2,全国,6,,0.24,,,●
5422,真田聖也,B2,全国,0,,0.141,,,
5423,高橋嗣穏,B2,全国,0,,0.22,,,●
5424,熊倉幹太,B2,全国,0,,0.222,,,●
5425,西山育,B2,全国,0,,0.268,,,●
5426,甲斐貴大,B2,全国,9,,0.196,,,●
5427,港理樹,B1,全国,0,,0.22,,,●
5428,古園井綾南,B2,全国,0,,0.198,,,●
5429,吉川颯汰,B2,全国,9,,0.22,,,●
5430,鳥本智史,B2,全国,0,,0.18,,,
5431,得山大輝,B2,全国,6,,0.16,,,
5432,安藤瑠希,B1,全国,0,,0.171,,,
5433,米本圭佑,B2,全国,0,,0.24,,,●
5434,藤田康生,B1,全国,0,,0.16,,,
5435,中西月輝,B2,全国,0,,0.221,,,●
5436,市川瑚幸,B2,全国,0,,0.22,,,●
5437,中澤里桜,B2,全国,25,,0.23,,,●
5438,星田夢結,B2,全国,0,,0.226,,,●
5439,志賀美優,B2,全国,0,,0.21,,,●
5440,薗頭心,B2,全国,0,,0.191,,,●
5441,鈴木雄登,B1,全国,3,,0.17,,,
5442,池田美優,B2,全国,0,,0.2,,,●
5443,西村仁吾,B2,全国,0,,0.24,,,●
5444,林風音,B2,全国,0,,0.19,,,●
5445,一ノ木匠,B2,全国,0,,,,,
5446,長嶺真李愛,B2,全国,0,,,,,
5447,岡本亜子,B2,全国,0,,,,,
5448,福田柊人,B2,全国,0,,,,,
5449,堀井涼平,B2,全国,0,,,,,
5450,藤本遼磨,B2,全国,0,,,,,
5451,知念伶奈,B2,全国,0,,,,,
5452,上馬場風依,B2,全国,0,,,,,
5453,久保翔耶,B2,全国,10,,,,,
5454,谷島咲希,B2,全国,0,,,,,
5455,澁澤周羽,B2,全国,0,,,,,
5456,今村天次朗,B2,全国,0,,,,,
5457,山田陽翔,B2,全国,0,,,,,
5458,田中大輝,B2,全国,0,,,,,
5459,田中きら,B2,全国,0,,,,,
5460,早川理稀,B2,全国,3,,,,,
5461,板頭里緒,B2,全国,0,,,,,
5462,山浦槙,B2,全国,0,,,,,
5463,出口飛龍,B2,全国,0,,,,,
5464,宮田栞,B2,全国,0,,,,,
5465,直江健成,B2,全国,0,,,,,
5466,成田華音,B2,全国,0,,,,,
5467,野村羽玖,B2,全国,0,,,,,
5468,山口隼人,B2,全国,0,,,,,
5469,今泉博人,B2,全国,0,,,,,
5470,坂口諒宗,B2,全国,0,,,,,
5471,田中結,B2,全国,0,,,,,
5472,中川海虹,B2,全国,0,,,,,
